filename,frame_num,boxes,online_boxes,module_result,RBP
anomaly_52.mp4,100,"tensor([[150.2617,  82.2969, 172.7656, 116.4219]])","tensor([[149.8836,  82.2966,  23.3287,  34.0855]], dtype=torch.float64)","[[5, 26.00891351699829, 0.0, 1, 0, 0, 0], [10, 26.002160509427387, 0.0, 1, 0, 0, 0], [15, 25.984564860661823, 0.0, 1, 0, 0, 0], [20, 25.813570022583008, 0.0, 1, 0, 0, 0], [25, 25.798559188842773, 0.0, 1, 0, 0, 0], [30, 25.734602133433025, 0.0, 1, 0, 0, 0], [35, 25.77612268924713, 0.0, 1, 0, 0, 0], [40, 25.762011607487995, 0.0, 1, 0, 0, 0], [45, 25.725310643513996, 0.0, 1, 0, 0, 0], [50, 25.77470870812734, 0.0, 1, 0, 0, 0], [55, 25.95613439877828, 0.0, 1, 0, 0, 0], [60, 26.079301834106445, 0.0, 1, 0, 0, 0], [65, 26.016696294148762, 0.0, 1, 0, 0, 0], [70, 26.13627751668294, 0.0, 1, 0, 0, 0], [75, 26.172527313232422, 0.0, 1, 0, 0, 0], [80, 26.14916706085205, 0.0, 1, 0, 0, 0], [85, 26.058619181315105, 0.0, 1, 0, 0, 0], [90, 25.832894325256348, 0.0, 1, 0, 0, 0], [95, 26.22819455464681, 0.0, 1, 0, 0, 0], [100, 26.189710934956867, 0.0, 1, 0, 0, 0]]",0.51300853
anomaly_52.mp4,200,"tensor([[154.2812,  88.7344, 173.6328, 118.7031]])","tensor([[154.1645,  88.7974,  20.0360,  29.5326]], dtype=torch.float64)","[[105, 26.352984110514324, 0.0, 1, 0, 0, 0], [110, 26.27227783203125, 0.0, 1, 0, 0, 0], [115, 26.24696159362793, 0.0, 1, 0, 0, 0], [120, 25.784867604573567, 0.0, 1, 0, 0, 0], [125, 25.7046381632487, 0.0, 1, 0, 0, 0], [130, 25.69293228785197, 0.0, 1, 0, 0, 0], [135, 25.709288120269775, 0.0, 1, 0, 0, 0], [140, 25.469501495361328, 0.0, 1, 0, 0, 0], [145, 25.369850794474285, 0.0, 1, 0, 0, 0], [150, 25.512437065442402, 0.0, 1, 0, 0, 0], [155, 26.109578768412273, 0.0, 1, 0, 0, 0], [160, 26.20499873161316, 0.0, 1, 0, 0, 0], [165, 26.056255022684734, 0.0, 1, 0, 0, 0], [170, 26.373180866241455, 0.0, 1, 0, 0, 0], [175, 26.53164307276408, 0.0, 1, 0, 0, 0], [180, 26.422033389409382, 0.0, 1, 0, 0, 0], [185, 26.27291997273763, 0.0, 1, 0, 0, 0], [190, 26.687498569488525, 0.0, 1, 0, 0, 0], [195, 26.561819712320965, 0.0, 1, 0, 0, 0], [200, 26.836923758188885, 0.0, 1, 0, 0, 0]]",0.52029634
anomaly_52.mp4,300,"tensor([[149.6406,  83.1406, 171.4375, 116.4453]])","tensor([[149.5236,  83.0220,  21.7548,  33.2194]], dtype=torch.float64)","[[205, 26.9356107711792, 0.0, 1, 0, 0, 0], [210, 26.870561122894287, 0.0, 1, 0, 0, 0], [215, 26.266236702601116, 0.0, 1, 0, 0, 0], [220, 26.184511184692383, 0.0, 1, 0, 0, 0], [225, 26.32877016067505, 0.0, 1, 0, 0, 0], [230, 26.266517162322998, 0.0, 1, 0, 0, 0], [235, 26.702171961466473, 0.0, 1, 0, 0, 0], [240, 26.872058073679607, 0.0, 1, 0, 0, 0], [245, 26.928348541259766, 0.0, 1, 0, 0, 0], [250, 26.94258975982666, 0.0, 1, 0, 0, 0], [255, 26.867197036743164, 0.0, 1, 0, 0, 0], [260, 26.92453209559123, 0.0, 1, 0, 0, 0], [265, 26.879831314086914, 0.0, 1, 0, 0, 0], [270, 26.470682621002197, 0.0, 1, 0, 0, 0], [275, 25.994924783706665, 0.0, 1, 0, 0, 0], [280, 25.99163818359375, 0.0, 1, 0, 0, 0], [285, 26.02787717183431, 0.0, 1, 0, 0, 0], [290, 25.93830744425456, 0.0, 1, 0, 0, 0], [295, 25.84621238708496, 0.0, 1, 0, 0, 0], [300, 25.993611017862957, 0.0, 1, 0, 0, 0]]",0.45699143
anomaly_52.mp4,400,"tensor([[193.4297,  47.3516, 210.0234,  78.6875],
        [143.6758,  75.1875, 163.8828, 109.6719]])","tensor([[193.8683,  47.2624,  17.0627,  31.3776],
        [142.0521,  75.0188,  22.5753,  34.9668]], dtype=torch.float64)","[[305, 26.36959457397461, 0.0, 1, 0, 0, 0], [310, 26.077891031901043, 0.0, 1, 0, 0, 0], [315, 25.869795481363933, 0.0, 1, 0, 0, 0], [320, 26.066487630208332, 0.0, 1, 0, 0, 0], [325, 26.40756829579671, 0.0, 1, 0, 0, 0], [330, 26.31946086883545, 0.0, 1, 0, 0, 0], [335, 26.70847463607788, 0.0, 1, 0, 0, 0], [340, 26.39383824666341, 0.0, 1, 0, 0, 0], [345, 25.75521469116211, 0.0, 1, 0, 0, 0], [350, 25.538642446200054, 0.0, 1, 0, 0, 0], [355, 25.314650774002075, 0.0, 1, 0, 0, 0], [360, 64.92573328812917, 0.0, 1, 0, 1, 1], [365, 25.51876187324524, 35.5, 0, 0, 0, 1], [370, 26.775169372558594, 35.0, 0, 0, 0, 1], [375, 30.75866444905599, 34.5, 0, 0, 1, 1], [380, 24.25161600112915, 34.0, 0, 0, 0, 1], [385, 28.39719506104787, 33.5, 0, 0, 1, 1], [390, 28.43204979101817, 32.355662392986005, 0, 0, 1, 1], [395, 38.43017101287842, 32.567877834864625, 0, 1, 1, 0], [400, 37.36448093255361, 32.7854981491648, 0, 1, 1, 0]]",0.56467026
anomaly_52.mp4,500,"tensor([[141.1406,  78.8125, 162.5859, 113.3828],
        [185.8281,  49.7656, 199.5547,  73.4531]])","tensor([[141.1468,  78.8097,  21.2109,  34.6891]], dtype=torch.float64)","[[405, 50.02993027369181, 32.567877834864625, 1, 0, 0, 1], [410, 41.24946816762289, 32.82614134429381, 0, 1, 0, 1], [415, 43.04103295008341, 32.82614134429381, 1, 1, 1, 0], [420, 36.51685082912445, 33.038697848970315, 0, 1, 1, 0], [425, 24.368232409159344, 33.50953429829917, 0, 1, 0, 0], [430, 25.653468132019043, 33.25657829663178, 1, 0, 1, 0], [435, 34.24646266301473, 33.47967874530592, 0, 1, 1, 0], [440, 48.65107399225235, 33.23652609203716, 3, 0, 0, 0], [445, 42.820502837498985, 31.63463292026636, 3, 0, 0, 0], [450, 46.008010029792786, 31.75984099456419, 2, 1, 0, 0], [455, 19.23089599609375, 31.64253466459348, 1, 0, 0, 0], [460, 34.82073926925659, 31.960913628993776, 1, 1, 0, 0], [465, 35.29353555043539, 32.283896914715854, 0, 1, 1, 0], [470, 23.756118297576904, 32.713720363174836, 0, 1, 0, 0], [475, 39.367751797040306, 32.85194058195041, 1, 1, 1, 0], [480, 35.41238021850586, 33.18132004607411, 0, 1, 1, 0], [485, 35.77042547861735, 33.514922049737784, 0, 1, 1, 0], [490, 24.092652479807537, 33.943887520435844, 0, 1, 0, 0], [495, 36.08777586619059, 34.28100786149672, 0, 1, 1, 0], [500, 36.27205570538839, 34.70950878361721, 1, 1, 0, 0]]",0.51340806
normal_trimmed_50.mp4,100,"tensor([[104.7031, 128.0391, 122.7031, 155.3281],
        [ 68.8438,  74.0195,  85.6016,  96.6484],
        [ 93.9883,  82.3359, 108.4531, 104.0469],
        [101.0312,  64.0430, 115.0039,  83.8594]])","tensor([[104.6444, 128.0518,  18.1657,  27.2995],
        [ 68.9951,  73.9596,  16.7376,  22.6566],
        [ 93.9403,  82.5738,  14.1915,  21.8941],
        [100.7379,  64.1536,  15.0058,  19.9254]], dtype=torch.float64)","[[5, 41.00386889775594, -1, 2, 1, 0, 0], [10, 44.859435637791954, 0.0, 3, 1, 0, 0], [15, 50.87797657648722, 0.0, 2, 2, 0, 0], [20, 40.8868256409963, 0.0, 2, 1, 0, 0], [25, 39.795469522476196, 0.0, 2, 1, 0, 0], [30, 39.8722120920817, 0.0, 2, 1, 0, 0], [35, 41.01116180419922, 0.0, 2, 1, 0, 0], [40, 41.290309290091194, 0.0, 2, 1, 0, 0], [45, 41.17536234855652, 0.0, 2, 1, 0, 0], [50, 54.67177917559942, 0.0, 3, 2, 0, 0], [55, 48.4051753282547, 3.897114317029974, 3, 1, 0, 0], [60, 56.380285342534386, 3.897114317029974, 3, 2, 0, 0], [65, 46.535614520311356, 3.897114317029974, 3, 1, 0, 0], [70, 46.36890564362208, 3.897114317029974, 3, 1, 0, 0], [75, 48.55291044712067, 3.897114317029974, 3, 1, 0, 0], [80, 46.7323644955953, 3.897114317029974, 3, 1, 0, 0], [85, 46.5299578110377, 3.897114317029974, 3, 1, 0, 0], [90, 56.512967586517334, 3.897114317029974, 3, 2, 0, 0], [95, 56.38770002126694, 6.8527366796047255, 3, 2, 0, 0], [100, 44.46747541427612, 7.2, 3, 1, 0, 0]]",0.52590156
normal_trimmed_50.mp4,200,"tensor([[ 78.3906, 128.5312, 101.9062, 156.2812],
        [ 91.6211,  64.3984, 105.2422,  85.7422],
        [ 89.9141,  83.8516, 103.3750, 105.2734],
        [ 70.7305,  71.6797,  85.4688,  92.2852]])","tensor([[ 79.2242, 128.5944,  21.1841,  27.5118],
        [ 71.0582,  71.5224,  14.7192,  20.7084],
        [ 89.9904,  83.7015,  13.2984,  21.4274],
        [ 91.5753,  64.5856,  14.1172,  21.6317]], dtype=torch.float64)","[[105, 46.19797956943512, 7.552483035399682, 3, 1, 0, 0], [110, 46.52277087171873, 7.909487973314076, 3, 1, 0, 0], [115, 47.211515963077545, 8.270429251254134, 3, 1, 0, 0], [120, 49.018630822499595, 8.63481325796916, 3, 1, 0, 0], [125, 49.08376399676005, 9.00222194794152, 3, 1, 0, 0], [130, 54.294393380482994, 9.00222194794152, 3, 2, 0, 0], [135, 60.00741760929426, 9.00222194794152, 3, 2, 0, 0], [140, 79.65290133158366, 9.00222194794152, 4, 2, 0, 0], [145, 55.46798658370972, 9.00222194794152, 3, 2, 0, 0], [150, 55.29141887029012, 9.00222194794152, 3, 2, 0, 0], [155, 90.72666120529175, 9.00222194794152, 3, 3, 0, 0], [160, 54.72722358504931, 9.00222194794152, 3, 2, 0, 0], [165, 53.23959231376648, 9.00222194794152, 3, 2, 0, 0], [170, 97.60947624842326, 9.00222194794152, 3, 3, 0, 0], [175, 96.24589033921559, 9.372299611087985, 3, 2, 0, 1], [180, 76.99534519513448, 13.486618882762608, 3, 1, 0, 1], [185, 83.4114914337794, 13.936363306911247, 3, 1, 0, 1], [190, 77.4507919549942, 15.746719775034716, 3, 1, 0, 1], [195, 34.45381853977839, 16.22545241657221, 3, 1, 0, 0], [200, 38.74198716878891, 16.705125695121122, 3, 1, 0, 0]]",0.5220549
normal_trimmed_50.mp4,300,"tensor([[180.3945, 113.6719, 202.9141, 148.7500],
        [ 28.0312,  89.1250,  42.2969, 112.5117],
        [ 79.2188, 128.3594, 101.1406, 155.2188],
        [ 30.6562, 122.5781,  50.6406, 152.1484],
        [ 94.2891,  79.5703, 110.7266, 105.4141]])","tensor([[ 27.0936,  89.4128,  14.8058,  23.3665],
        [178.7504, 113.6262,  25.0088,  35.4318],
        [ 78.8156, 128.2919,  21.4771,  27.2066],
        [ 30.8853, 122.7079,  19.4541,  29.3884],
        [ 93.7851,  79.2800,  16.9470,  25.7449]], dtype=torch.float64)","[[205, 41.455787579218544, 17.185660847797216, 3, 1, 0, 0], [210, 72.24619685610135, 17.48468717805056, 4, 1, 0, 0], [215, 111.93628334999084, 17.675071803681764, 5, 2, 0, 0], [220, 105.9150603612264, 18.681541692269406, 5, 1, 0, 0], [225, 91.62443842490514, 18.972018869904172, 4, 2, 0, 0], [230, 96.70817252000172, 19.12091459632619, 5, 2, 0, 0], [235, 52.777549842993416, 19.536824204563032, 3, 2, 0, 0], [240, 58.124393383661904, 19.95581055732891, 3, 2, 0, 0], [245, 62.32754163940748, 20.377683872314833, 3, 2, 0, 0], [250, 93.01058096687, 20.650363192931984, 3, 3, 0, 0], [255, 95.01266884803772, 20.796258677944934, 3, 2, 0, 0], [260, 85.33292265733083, 20.817285485864865, 3, 2, 0, 0], [265, 85.89522123336792, 20.85028477023755, 3, 2, 0, 0], [270, 55.84671505292257, 20.80715021332811, 2, 1, 0, 0], [275, 50.011674642562866, 20.820662813657012, 1, 1, 0, 0], [280, 86.60012743870418, 21.041254121368336, 2, 3, 0, 0], [285, 76.7107850710551, 21.150871731444074, 1, 3, 0, 0], [290, 75.11575623353322, 21.27168011700063, 1, 3, 0, 0], [295, 72.12095661958058, 21.403489785546654, 1, 3, 0, 0], [300, 90.77362203598022, 21.65496478870377, 2, 3, 0, 0]]",0.5263308
normal_trimmed_39.mp4,100,"tensor([[283.3203,  56.5469, 293.6406,  73.9258],
        [271.5312,  80.3438, 287.0879, 105.2266]])","tensor([[283.0951,  56.5207,  10.5931,  17.3905],
        [271.5990,  80.3189,  15.5001,  24.3056]], dtype=torch.float64)","[[5, 28.34492915868759, -1, 1, 0, 0, 0], [10, 28.395121256510418, 0.0, 1, 0, 0, 0], [15, 28.40522227684657, 0.0, 1, 0, 0, 0], [20, 84.06733808914821, 0.0, 1, 1, 0, 0], [25, 85.1702931324641, 1.5, 1, 1, 0, 0], [30, 84.29979640245438, 2.0, 1, 1, 0, 0], [35, 81.86403206984203, 2.3570226039551585, 1, 1, 0, 0], [40, 74.49582797288895, 2.8284271247461903, 1, 1, 0, 0], [45, 71.17222038904826, 3.031088913245535, 1, 1, 0, 0], [50, 85.87700680891673, 3.4641016151377544, 1, 2, 0, 0], [55, 28.43938688437144, 3.897114317029974, 1, 0, 0, 0], [60, 60.95287063717842, 4.330127018922194, 1, 1, 0, 0], [65, 54.73800563812256, 4.4, 1, 1, 0, 0], [70, 50.12881290912628, 4.715930449020639, 1, 1, 0, 0], [75, 49.12471998731295, 5.059644256269407, 1, 1, 0, 0], [80, 49.23301740487417, 5.425863986500215, 1, 1, 0, 0], [85, 49.48070321480433, 5.81033561853358, 1, 1, 0, 0], [90, 49.57620197534561, 6.209669878504008, 1, 1, 0, 0], [95, 49.63989635805289, 6.6211781428987395, 1, 1, 0, 0], [100, 49.630801210800804, 7.042726744663604, 1, 1, 0, 0]]",0.5107735
normal_trimmed_39.mp4,200,"tensor([[284.2930,  56.7656, 294.3672,  73.6484]])","tensor([[284.2235,  56.6555,  10.1464,  16.9868]], dtype=torch.float64)","[[105, 49.78124013543129, 7.472616676907761, 2, 0, 0, 0], [110, 50.30838010708491, 7.909487973314075, 1, 1, 0, 0], [115, 50.15516989429792, 8.35224520712844, 1, 1, 0, 0], [120, 50.38759891192118, 8.8, 1, 1, 0, 0], [125, 50.481943209966026, 9.252026804976301, 1, 1, 0, 0], [130, 40.325788497924805, 9.368030742904295, 0, 1, 0, 0], [135, 40.25127029418945, 9.499473669630333, 0, 1, 0, 0], [140, 40.169612884521484, 9.645724441429994, 0, 1, 0, 0], [145, 40.09666442871094, 9.806120537705011, 0, 1, 0, 0], [150, 40.36342223485311, 9.979979959899719, 0, 1, 0, 0], [155, 50.484099090099335, 10.461357464497615, 1, 1, 0, 0], [160, 50.34795853495598, 10.943491216243562, 1, 1, 0, 0], [165, 50.09276036421458, 11.42628548566856, 1, 1, 0, 0], [170, 50.057307283083595, 11.909659944767524, 1, 1, 0, 0], [175, 50.08816838264465, 12.393546707863734, 1, 1, 0, 0], [180, 50.210108160972595, 12.877888025604198, 1, 1, 0, 0], [185, 50.332497914632164, 13.362634470792052, 1, 1, 0, 0], [190, 50.11427420377731, 13.847743498491008, 1, 1, 0, 0], [195, 49.61778042713801, 14.333178293735132, 1, 1, 0, 0], [200, 28.2287544409434, 14.620533505997654, 1, 0, 0, 0]]",0.49957287
normal_trimmed_39.mp4,300,"tensor([[284.4570,  57.4062, 294.6211,  73.3945],
        [255.1680,  79.3672, 267.2227,  94.6016]])","tensor([[284.5578,  57.4182,   9.8265,  16.0039],
        [256.1071,  79.1770,  10.3825,  15.3614]], dtype=torch.float64)","[[205, 28.20143014192581, 14.913081505845799, 1, 0, 0, 0], [210, 49.427292923132576, 15.396103403134184, 1, 1, 0, 0], [215, 49.53345533212026, 15.879546593023367, 1, 1, 0, 0], [220, 49.03129096825918, 16.36337373526621, 1, 1, 0, 0], [225, 48.47834976514181, 16.84755175092215, 1, 1, 0, 0], [230, 47.368603229522705, 17.332051234634633, 1, 1, 0, 0], [235, 58.710391680399574, 17.81684596105607, 2, 1, 0, 0], [240, 57.52274915575981, 17.59419096052886, 2, 1, 0, 0], [245, 45.53011850516001, 18.06162291219209, 1, 1, 0, 0], [250, 56.10729509592056, 18.41572395777285, 2, 1, 0, 0], [255, 66.57752615213394, 18.77646280734355, 2, 1, 0, 0], [260, 55.73301765322685, 19.143464216860597, 2, 1, 0, 0], [265, 60.247105956077576, 19.516374891072598, 3, 1, 0, 0], [270, 44.550803969303765, 19.983326383095815, 1, 1, 0, 0], [275, 44.91874531904856, 20.45048220023729, 1, 1, 0, 0], [280, 45.18142197529475, 20.917828652982976, 1, 1, 0, 0], [285, 28.241066694259644, 21.18503140322326, 1, 0, 0, 0], [290, 28.244842290878296, 21.455380055672126, 1, 0, 0, 0], [295, 28.143319527308147, 21.728757186937518, 1, 0, 0, 0], [300, 45.137341260910034, 22.19421846637843, 1, 1, 0, 0]]",0.4914482
normal_trimmed_39.mp4,400,"tensor([[215.4453, 115.3438, 240.0625, 147.0625]])","tensor([[215.3138, 116.1363,  23.0211,  32.6362]], dtype=torch.float64)","[[305, 28.110313415527344, 22.469732728470287, 1, 0, 0, 0], [310, 28.164987405141193, 22.748015786486132, 1, 0, 0, 0], [315, 28.07726812362671, 23.028967265887832, 1, 0, 0, 0], [320, 28.056633690992992, 23.31249069109138, 1, 0, 0, 0], [325, 46.624527513980865, 23.598493360570476, 2, 0, 0, 0], [330, 46.126509626706444, 24.06010991015812, 2, 0, 0, 0], [335, 46.661107778549194, 24.52209887699936, 2, 0, 0, 0], [340, 48.897003173828125, 24.98443960192468, 2, 0, 0, 0], [345, 52.11187652746836, 25.447112911989752, 2, 0, 0, 0], [350, 58.8751172820727, 25.9101009904117, 3, 0, 0, 0], [355, 41.868106047312416, 26.09225087177332, 1, 0, 0, 0], [360, 42.763580322265625, 26.278423764669668, 1, 0, 0, 0], [365, 43.545716285705566, 26.46853477873933, 1, 0, 0, 0], [370, 44.10215759277344, 26.662499674428293, 1, 0, 0, 0], [375, 45.078497727712, 26.860234962155907, 1, 0, 0, 0], [380, 45.57257652282715, 27.061657993059725, 1, 0, 0, 0], [385, 46.38012568155924, 27.26668704155718, 1, 0, 0, 0], [390, 46.42880376180013, 27.475241379993168, 1, 0, 0, 0], [395, 46.3502311706543, 27.68724134566919, 1, 0, 0, 0], [400, 45.96899922688802, 27.902608400569925, 1, 0, 0, 0]]",0.5308166
normal_trimmed_39.mp4,500,"tensor([[218.8359, 114.7031, 242.9766, 146.7227],
        [181.6445,  88.5312, 202.0234, 120.2422]])","tensor([[218.6004, 114.8947,  24.1727,  32.0602],
        [180.2876,  88.4845,  22.4972,  31.2357]], dtype=torch.float64)","[[405, 56.64906573295593, 28.12126518411922, 2, 0, 0, 0], [410, 45.51857328414917, 28.34313555930842, 1, 0, 0, 0], [415, 45.60776217778524, 28.568144652547684, 1, 0, 0, 0], [420, 45.75829950968424, 28.796218887593948, 1, 0, 0, 0], [425, 45.92161178588867, 29.027286013909972, 1, 0, 0, 0], [430, 45.85724472999573, 29.261275129806325, 1, 0, 0, 0], [435, 56.5839413801829, 29.498116700713098, 2, 0, 0, 0], [440, 56.75810662905375, 28.587852422356754, 2, 0, 0, 0], [445, 80.67640813191731, 28.946819641317056, 3, 0, 0, 0], [450, 80.77363516887029, 29.30974623721256, 3, 0, 0, 0], [455, 81.22999209165573, 29.676486947599113, 3, 0, 0, 0], [460, 81.05406737327576, 30.046902112041643, 3, 0, 0, 0], [465, 80.98379093408585, 30.420857506463744, 3, 0, 0, 0], [470, 80.94056167205174, 30.798224173560687, 3, 0, 0, 0], [475, 81.17061575253804, 31.17887825082217, 3, 0, 0, 0], [480, 57.82311908404032, 31.343391061997526, 2, 0, 0, 0], [485, 57.797285079956055, 31.513521555299505, 2, 0, 0, 0], [490, 57.73760652542114, 31.689179251483512, 2, 0, 0, 0], [495, 57.85525790850321, 31.870272758705497, 2, 0, 0, 0], [500, 57.8595130443573, 32.05670995378697, 2, 0, 0, 0]]",0.51550275
normal_trimmed_39.mp4,600,"tensor([[217.3438,  92.4297, 236.9688, 120.1250]])","tensor([[216.6496,  91.9964,  18.9600,  27.8261]], dtype=torch.float64)","[[505, 57.423535227775574, 32.24839815670648, 2, 0, 0, 0], [510, 56.99063960711161, 32.44524429790937, 2, 0, 0, 0], [515, 45.84275817871094, 32.689010822773895, 1, 0, 0, 0], [520, 55.480630119641624, 32.892527530534025, 2, 0, 0, 0], [525, 44.06855487823486, 33.13977818210592, 1, 0, 0, 0], [530, 52.736287434895836, 33.3497238614153, 1, 1, 0, 0], [535, 103.89857161045074, 33.75723656356016, 3, 1, 0, 0], [540, 60.30761444568634, 34.200489315034005, 1, 1, 0, 0], [545, 57.747196435928345, 34.64396169078607, 1, 1, 0, 0], [550, 57.31885317961375, 35.08764536333062, 1, 1, 0, 0], [555, 45.34026034673055, 35.301615850165454, 1, 1, 0, 0], [560, 44.9353976448377, 35.5200432064455, 1, 1, 0, 0], [565, 43.05306752522787, 35.742845723419435, 2, 0, 0, 0], [570, 66.3467161655426, 36.15725292075589, 2, 1, 0, 0], [575, 57.26594046751658, 36.59764685197726, 2, 0, 0, 0], [580, 57.07267999649048, 37.03831441485799, 2, 0, 0, 0], [585, 36.147308349609375, 37.29036643117668, 1, 0, 0, 0], [590, 36.46752913792928, 37.54398780641401, 1, 0, 0, 0], [595, 36.93838119506836, 37.799146950745886, 1, 0, 0, 0], [600, 37.06493631998698, 38.055812932575535, 1, 0, 0, 0]]",0.49361223
normal_trimmed_39.mp4,700,"tensor([[221.3594,  93.6875, 240.9648, 121.6133],
        [278.6426,  67.3125, 291.4844,  88.9648]])","tensor([[221.1252,  93.5230,  19.6603,  27.7478],
        [278.9772,  67.2658,  12.1122,  21.6662]], dtype=torch.float64)","[[605, 37.241785526275635, 38.313955468908055, 1, 0, 0, 0], [610, 37.32849359512329, 38.573544915485, 1, 0, 0, 0], [615, 57.74485957622528, 39.01281840626232, 2, 0, 0, 0], [620, 57.65421132246653, 39.4523737678529, 2, 0, 0, 0], [625, 57.80043309926987, 39.89220168281065, 2, 0, 0, 0], [630, 66.30723353226979, 40.302428143794444, 3, 0, 0, 0], [635, 66.21730776627858, 40.71453634008074, 3, 0, 0, 0], [640, 77.51894082625707, 41.128469706617615, 3, 1, 0, 0], [645, 43.668521881103516, 41.36398907064858, 2, 0, 0, 0], [650, 81.01320978005727, 41.781257393570094, 3, 0, 0, 0], [655, 37.63110542297363, 42.03982562732046, 1, 0, 0, 0], [660, 56.78567346930504, 42.299708109187335, 2, 0, 0, 0], [665, 43.086703300476074, 42.54217595156455, 2, 0, 0, 0], [670, 42.65701528390249, 42.78803952660851, 2, 0, 0, 0], [675, 55.854727149009705, 43.050990175628264, 2, 0, 0, 0], [680, 56.10276611646017, 41.93726713795261, 2, 0, 0, 0], [685, 56.17725449800491, 42.105336657008216, 2, 0, 0, 0], [690, 37.489853382110596, 42.358588267315994, 1, 0, 0, 0], [695, 37.8808371424675, 42.612901508815376, 1, 0, 0, 0], [700, 56.952841152747474, 42.78708187058332, 2, 0, 0, 0]]",0.49996608
normal_trimmed_39.mp4,800,"tensor([[285.7734,  57.0586, 295.5898,  73.2578],
        [216.6562,  93.9219, 239.1328, 124.1562]])","tensor([[217.7120,  93.8364,  21.0482,  29.4356],
        [285.6215,  56.8430,   9.9520,  16.4185]], dtype=torch.float64)","[[705, 67.06654067834218, 43.12409419338567, 3, 0, 0, 0], [710, 61.165421426296234, 43.46388587091587, 3, 0, 0, 0], [715, 66.97617642084758, 43.80639222761902, 3, 0, 0, 0], [720, 60.77700925370058, 44.15155008603888, 3, 0, 0, 0], [725, 56.738939901192985, 44.3380127542947, 2, 0, 0, 0], [730, 60.98427188396454, 44.68780594300866, 3, 0, 0, 0], [735, 61.05149324735006, 45.04008631208426, 3, 0, 0, 0], [740, 57.524103919665016, 45.457225773247536, 2, 0, 0, 0], [745, 67.44698067506154, 45.81211630125812, 3, 0, 0, 0], [750, 57.4536295235157, 46.2297252857942, 2, 0, 0, 0], [755, 57.941465735435486, 46.647615158762406, 2, 0, 0, 0], [760, 58.430915067593254, 47.065778438266584, 2, 0, 0, 0], [765, 67.85177544752757, 47.42345806665727, 3, 0, 0, 0], [770, 57.024271408716835, 47.84202519751855, 2, 0, 0, 0], [775, 57.308601677417755, 48.26084722629722, 2, 0, 0, 0], [780, 57.14705489079157, 48.679917573882555, 2, 0, 0, 0], [785, 56.99830345312754, 49.099229881944176, 2, 0, 0, 0], [790, 57.73321382204691, 49.51877800390474, 2, 0, 0, 0], [795, 58.075091322263084, 49.93855599634415, 1, 1, 0, 0], [800, 58.79747347036997, 50.358558110811714, 1, 1, 0, 0]]",0.52000517
normal_trimmed_39.mp4,910,"tensor([[215.8281, 100.6406, 240.0469, 128.8672]])","tensor([[216.5741, 100.5037,  22.8483,  28.4276]], dtype=torch.float64)","[[805, 28.368465662002563, 50.52722038663912, 1, 0, 0, 0], [810, 60.40487241744995, 50.94789004463286, 2, 0, 0, 0], [815, 61.26084969441096, 51.36876482844414, 2, 0, 0, 0], [820, 39.86757278442383, 51.61985446511836, 1, 0, 0, 0], [825, 40.06483459472656, 51.87183725298343, 1, 0, 0, 0], [830, 61.66766897837321, 52.29244687332961, 2, 0, 0, 0], [835, 61.498024781545006, 52.71325734575696, 2, 0, 0, 0], [840, 61.60746677716573, 53.1342638981665, 2, 0, 0, 0], [845, 61.617845594882965, 53.555461906326606, 2, 0, 0, 0], [850, 71.35097245375316, 53.91645736693018, 3, 0, 0, 0], [855, 61.802378257115684, 54.337918390383706, 2, 0, 0, 0], [860, 71.96148924032848, 54.70089121760266, 3, 0, 0, 0], [865, 61.54505761464437, 55.122590650295095, 2, 0, 0, 0], [870, 40.065643310546875, 55.37358914681258, 1, 0, 0, 0], [875, 61.11456537246704, 55.79524509310807, 2, 0, 0, 0], [880, 61.07526522874832, 56.21707369652035, 2, 0, 0, 0], [885, 39.87288475036621, 56.46846465063487, 1, 0, 0, 0], [890, 39.959608713785805, 56.720669733352054, 1, 0, 0, 0], [905, 40.463480631510414, 56.97367813297646, 1, 0, 0, 0], [910, 40.27886152267456, 57.2274791948763, 1, 0, 0, 0]]",0.5027421
normal_trimmed_39.mp4,1010,"tensor([[221.0781,  95.2500, 238.2031, 121.0156],
        [276.5508,  66.5000, 288.5859,  85.9453],
        [285.3555,  59.4062, 295.9609,  74.9922]])","tensor([[220.8338,  94.8884,  19.6512,  25.8838],
        [285.6978,  59.5172,   9.8689,  15.4355],
        [276.9135,  66.5863,  11.5291,  19.4403]], dtype=torch.float64)","[[915, 62.03884597619375, 57.6485851951286, 1, 1, 0, 0], [920, 40.375129063924156, 57.902936022277835, 1, 0, 0, 0], [925, 40.31797250111898, 58.15805511706869, 1, 0, 0, 0], [930, 40.2406013806661, 58.413932413423424, 1, 0, 0, 0], [935, 61.883776783943176, 58.834513680322026, 2, 0, 0, 0], [940, 71.0591822763284, 59.2552740268746, 3, 0, 0, 0], [945, 71.27772138516109, 57.71984274851743, 3, 0, 0, 0], [950, 71.40773981809616, 58.05510366650287, 3, 0, 0, 0], [955, 62.68067063887914, 58.459862774005515, 2, 0, 0, 0], [960, 54.818467140197754, 58.70348171473391, 2, 0, 0, 0], [965, 55.03560320536295, 57.02674810998783, 2, 0, 0, 0], [970, 79.6284637550513, 57.41611272108206, 2, 0, 0, 1], [975, 84.55920561154683, 55.79152457924082, 3, 0, 0, 0], [980, 83.66459872325261, 55.990258893035055, 3, 0, 0, 0], [985, 82.5774644613266, 54.48464360614731, 3, 0, 0, 0], [990, 57.594581047693886, 54.68413084859872, 2, 0, 0, 0], [995, 39.39705944061279, 54.90269169681533, 1, 0, 0, 0], [1000, 65.42284520467122, 55.24710902441463, 2, 1, 0, 0], [1005, 65.48455480734508, 55.59276531668087, 2, 1, 0, 0], [1010, 60.384935895601906, 55.9396376065805, 2, 1, 0, 0]]",0.46874574
