video_id,frame_num,crowd_density,crowd_count,loitering,concealment,rbp
1,1,65,28,75,"[20, 79, 92]",74
1,2,37,7,14,"[42, 55, 27]",88
1,3,81,86,100,"[58, 59, 49]",13
1,4,32,1,89,"[24, 49, 7]",88
1,5,69,81,17,"[11, 78, 24]",56
1,6,20,98,13,"[44, 60, 64]",57
1,7,87,9,76,"[1, 38, 69]",42
1,8,28,14,44,"[88, 18, 31]",46
1,9,78,100,92,"[70, 70, 10]",34
1,10,44,2,20,"[67, 37, 62]",82
1,11,43,93,23,"[5, 79, 78]",71
1,12,89,69,82,"[55, 20, 26]",92
1,13,9,5,21,"[60, 94, 99]",30
1,14,23,19,33,"[6, 27, 67]",34
1,15,34,9,86,"[78, 22, 46]",88
1,16,56,88,80,"[16, 85, 34]",67
1,17,58,32,53,"[67, 44, 29]",20
1,18,16,23,6,"[90, 85, 66]",75
1,19,100,100,81,"[21, 44, 69]",81
1,20,91,61,97,"[100, 20, 75]",19
1,21,35,59,87,"[38, 26, 57]",25
1,22,25,30,25,"[47, 65, 28]",55
1,23,20,10,99,"[53, 0, 100]",97
1,24,35,97,31,"[7, 7, 60]",6
1,25,12,69,96,"[40, 72, 54]",91
1,26,86,43,58,"[74, 77, 40]",93
1,27,14,57,32,"[50, 78, 46]",30
1,28,24,40,59,"[88, 59, 60]",21
1,29,98,64,85,"[79, 44, 100]",77
1,30,0,42,24,"[94, 71, 37]",30
1,31,52,93,25,"[79, 98, 41]",3
1,32,59,25,5,"[29, 43, 47]",1
1,33,54,88,77,"[15, 47, 8]",63
1,34,84,85,40,"[64, 55, 99]",75
1,35,3,44,62,"[11, 100, 29]",16
1,36,76,44,25,"[79, 13, 54]",66
1,37,89,16,42,"[77, 35, 40]",62
1,38,76,20,29,"[90, 95, 48]",41
1,39,98,72,56,"[5, 75, 17]",54
1,40,25,38,24,"[87, 23, 16]",90
1,41,74,82,72,"[91, 27, 26]",25
1,42,64,89,72,"[80, 24, 75]",71
1,43,56,72,83,"[53, 27, 46]",53
1,44,22,60,39,"[72, 21, 71]",4
1,45,47,23,95,"[91, 85, 23]",7
1,46,74,63,92,"[59, 13, 75]",26
1,47,44,43,2,"[43, 42, 88]",95
1,48,85,65,88,"[61, 28, 10]",18
1,49,39,80,15,"[10, 37, 67]",33
1,50,88,87,87,"[100, 84, 12]",10
1,51,34,27,64,"[0, 23, 95]",10
1,52,46,49,59,"[92, 49, 21]",100
1,53,11,86,88,"[63, 57, 64]",64
1,54,71,15,61,"[48, 67, 21]",30
1,55,29,1,65,"[82, 23, 100]",29
1,56,56,19,89,"[15, 34, 71]",1
1,57,61,59,71,"[27, 76, 5]",27
1,58,18,44,13,"[65, 88, 59]",34
1,59,11,58,73,"[38, 93, 37]",85
1,60,5,78,11,"[35, 75, 45]",41
1,61,62,8,92,"[56, 22, 51]",49
1,62,44,20,84,"[85, 69, 28]",95
1,63,27,49,80,"[24, 18, 18]",9
1,64,56,47,64,"[42, 53, 80]",80
1,65,49,30,9,"[79, 50, 77]",31
1,66,73,67,91,"[42, 86, 50]",18
1,67,48,96,9,"[62, 97, 58]",8
1,68,94,41,36,"[50, 37, 16]",95
1,69,58,90,75,"[14, 46, 25]",7
1,70,5,0,42,"[23, 75, 66]",54
1,71,46,93,20,"[70, 8, 34]",17
1,72,30,73,16,"[97, 73, 61]",47
1,73,29,58,61,"[55, 96, 6]",74
1,74,65,16,29,"[44, 42, 31]",15
1,75,14,41,59,"[58, 45, 76]",85
1,76,39,64,8,"[3, 47, 26]",1
1,77,57,82,50,"[16, 45, 93]",40
1,78,66,51,20,"[54, 6, 89]",30
1,79,10,50,28,"[1, 5, 26]",14
1,80,88,61,97,"[55, 29, 6]",15
1,81,4,97,27,"[27, 74, 69]",19
1,82,55,7,17,"[52, 23, 82]",63
1,83,75,82,23,"[99, 86, 41]",67
1,84,86,89,40,"[5, 33, 0]",39
1,85,78,16,11,"[21, 13, 88]",100
1,86,14,12,52,"[69, 19, 40]",10
1,87,98,16,38,"[54, 82, 33]",79
1,88,48,51,40,"[40, 51, 50]",89
1,89,74,12,61,"[6, 27, 8]",90
1,90,86,88,68,"[60, 84, 7]",94
1,91,31,87,67,"[8, 25, 19]",13
1,92,77,68,64,"[16, 0, 48]",50
1,93,7,60,48,"[80, 40, 88]",94
1,94,74,87,66,"[88, 67, 75]",17
1,95,87,54,82,"[12, 43, 33]",65
1,96,60,1,68,"[98, 52, 14]",67
1,97,59,23,69,"[55, 46, 4]",50
1,98,46,16,62,"[22, 58, 64]",12
1,99,30,63,30,"[9, 80, 58]",0
1,100,99,87,62,"[79, 98, 72]",78
1,101,39,58,98,"[17, 81, 23]",36
1,102,52,0,36,"[9, 95, 16]",50
1,103,5,15,89,"[42, 27, 54]",59
1,104,31,11,97,"[65, 34, 84]",82
1,105,49,5,8,"[59, 12, 30]",58
1,106,54,71,4,"[36, 40, 62]",49
1,107,63,59,75,"[81, 16, 49]",51
1,108,58,43,20,"[5, 8, 72]",16
1,109,38,7,53,"[32, 95, 42]",81
1,110,99,55,17,"[37, 88, 3]",64
1,111,41,23,29,"[68, 67, 66]",58
1,112,30,49,41,"[29, 66, 85]",95
1,113,25,49,64,"[67, 71, 85]",71
1,114,49,80,12,"[63, 88, 28]",44
1,115,3,69,4,"[91, 80, 79]",75
1,116,67,2,91,"[45, 47, 41]",80
1,117,53,79,32,"[36, 68, 26]",99
1,118,37,27,31,"[59, 84, 11]",96
1,119,61,38,61,"[75, 51, 100]",18
1,120,57,1,51,"[0, 98, 4]",86
1,121,56,74,50,"[28, 38, 17]",60
1,122,19,0,74,"[53, 23, 6]",38
1,123,28,0,41,"[4, 60, 81]",15
1,124,85,42,16,"[89, 90, 90]",0
1,125,59,9,49,"[64, 25, 66]",0
1,126,84,65,10,"[40, 71, 44]",26
1,127,58,91,14,"[69, 91, 49]",35
1,128,51,24,35,"[43, 36, 73]",67
1,129,43,58,74,"[2, 21, 15]",24
1,130,37,82,80,"[81, 96, 12]",62
1,131,50,31,25,"[14, 75, 83]",1
1,132,79,44,75,"[75, 48, 70]",96
1,133,98,36,7,"[49, 89, 67]",45
1,134,87,81,5,"[79, 31, 49]",93
1,135,74,67,51,"[56, 43, 42]",76
1,136,82,56,52,"[77, 81, 39]",39
1,137,39,59,12,"[25, 9, 24]",55
1,138,95,4,39,"[89, 1, 49]",27
1,139,90,8,49,"[84, 37, 63]",90
1,140,27,29,79,"[28, 93, 12]",64
1,141,76,26,14,"[79, 100, 40]",11
1,142,29,27,24,"[47, 82, 53]",18
1,143,20,38,43,"[82, 27, 58]",81
1,144,72,61,95,"[15, 98, 29]",90
1,145,65,19,87,"[46, 45, 13]",63
1,146,30,51,71,"[34, 50, 38]",29
1,147,4,91,57,"[95, 22, 52]",2
1,148,9,69,67,"[26, 83, 66]",55
1,149,13,36,28,"[45, 63, 11]",77
1,150,4,90,74,"[19, 57, 43]",51
1,151,30,50,43,"[81, 36, 66]",30
1,152,89,39,13,"[4, 31, 8]",95
1,153,28,5,68,"[72, 66, 14]",16
1,154,5,13,25,"[53, 92, 37]",31
1,155,1,46,29,"[42, 13, 73]",88
1,156,34,93,60,"[46, 45, 49]",29
1,157,93,22,59,"[30, 61, 20]",41
1,158,71,70,55,"[77, 70, 38]",87
1,159,0,57,74,"[12, 40, 72]",94
1,160,52,12,49,"[66, 35, 26]",20
1,161,34,24,81,"[23, 73, 44]",16
1,162,63,94,44,"[35, 35, 52]",16
1,163,45,69,50,"[47, 25, 50]",75
1,164,43,57,79,"[2, 26, 54]",41
1,165,68,17,42,"[60, 66, 73]",44
1,166,96,87,32,"[75, 1, 12]",89
1,167,30,55,45,"[68, 27, 57]",55
1,168,74,35,41,"[6, 76, 36]",78
1,169,45,39,7,"[51, 52, 97]",66
1,170,22,44,2,"[91, 92, 40]",17
1,171,19,17,38,"[100, 61, 52]",21
1,172,19,15,37,"[59, 27, 93]",30
1,173,23,28,67,"[56, 66, 24]",85
1,174,65,95,69,"[94, 89, 61]",77
1,175,34,56,87,"[83, 67, 46]",65
1,176,29,58,48,"[0, 5, 2]",64
1,177,79,84,46,"[48, 27, 61]",34
1,178,36,37,35,"[23, 26, 37]",24
1,179,80,29,66,"[25, 86, 77]",61
1,180,36,22,93,"[73, 38, 29]",33
1,181,84,71,93,"[36, 33, 56]",10
1,182,97,15,12,"[19, 35, 8]",3
1,183,21,53,9,"[97, 86, 8]",2
1,184,22,98,61,"[66, 90, 50]",70
1,185,94,37,71,"[80, 76, 12]",97
1,186,46,18,9,"[67, 26, 23]",34
1,187,46,83,38,"[58, 27, 98]",36
1,188,68,32,81,"[36, 15, 27]",11
1,189,24,58,58,"[39, 27, 24]",15
1,190,0,13,89,"[31, 64, 19]",14
1,191,47,70,81,"[25, 22, 69]",52
1,192,38,39,28,"[75, 67, 56]",100
1,193,73,48,34,"[100, 40, 81]",35
1,194,17,10,9,"[13, 53, 91]",14
1,195,85,19,38,"[37, 98, 47]",48
1,196,14,7,36,"[78, 15, 26]",51
1,197,94,42,6,"[24, 20, 15]",49
1,198,87,52,97,"[78, 80, 16]",54
1,199,69,95,65,"[75, 49, 22]",70
1,200,17,94,88,"[0, 100, 96]",78
1,201,12,87,27,"[18, 72, 22]",70
1,202,75,45,59,"[82, 47, 13]",39
1,203,26,80,100,"[99, 41, 92]",99
1,204,57,17,57,"[82, 22, 18]",49
1,205,66,21,6,"[79, 44, 2]",60
1,206,2,7,88,"[89, 25, 82]",12
1,207,9,77,65,"[47, 20, 44]",48
1,208,75,94,67,"[73, 84, 88]",75
1,209,39,93,7,"[3, 25, 95]",62
1,210,74,38,74,"[48, 60, 29]",32
1,211,29,89,23,"[69, 25, 17]",47
1,212,99,97,46,"[94, 31, 48]",56
1,213,66,24,13,"[22, 35, 3]",66
1,214,52,69,4,"[88, 100, 16]",6
1,215,54,90,43,"[63, 57, 42]",75
1,216,58,60,45,"[69, 74, 25]",92
1,217,27,78,24,"[4, 37, 70]",36
1,218,60,18,54,"[13, 92, 81]",60
1,219,69,63,89,"[51, 32, 7]",74
1,220,51,11,69,"[47, 1, 61]",98
1,221,49,42,15,"[63, 13, 21]",86
1,222,85,19,45,"[60, 41, 24]",55
1,223,7,49,50,"[59, 32, 84]",21
1,224,94,74,25,"[86, 26, 64]",61
1,225,6,11,73,"[89, 41, 43]",58
1,226,18,39,4,"[15, 92, 49]",92
1,227,68,10,52,"[65, 70, 42]",60
1,228,54,43,68,"[6, 97, 32]",6
1,229,20,85,24,"[57, 74, 84]",16
1,230,69,98,31,"[86, 41, 46]",92
1,231,41,58,48,"[82, 51, 41]",86
1,232,28,36,21,"[21, 77, 83]",2
1,233,34,93,88,"[33, 17, 75]",79
1,234,12,12,50,"[38, 64, 61]",79
1,235,88,58,54,"[20, 15, 12]",64
1,236,47,49,85,"[15, 71, 91]",37
1,237,71,41,14,"[93, 74, 20]",32
1,238,38,64,59,"[12, 19, 44]",72
1,239,65,1,99,"[28, 99, 5]",97
1,240,61,20,69,"[55, 75, 20]",37
1,241,5,35,58,"[26, 95, 9]",60
1,242,86,97,50,"[42, 62, 57]",100
1,243,74,42,10,"[42, 58, 76]",23
1,244,23,61,59,"[26, 90, 32]",34
1,245,19,72,31,"[78, 39, 56]",16
1,246,80,41,96,"[24, 17, 53]",53
1,247,97,10,26,"[26, 77, 42]",27
1,248,84,53,60,"[97, 83, 32]",46
1,249,67,61,46,"[8, 33, 27]",53
1,250,43,37,54,"[32, 58, 51]",24
1,251,55,85,41,"[34, 63, 19]",59
1,252,41,98,51,"[61, 40, 53]",68
1,253,3,77,21,"[0, 23, 21]",3
1,254,63,9,64,"[74, 57, 77]",42
1,255,14,85,78,"[75, 43, 100]",33
1,256,0,77,96,"[19, 89, 7]",60
1,257,57,56,11,"[89, 54, 84]",58
1,258,8,30,47,"[47, 26, 32]",49
1,259,8,44,68,"[0, 0, 71]",78
1,260,89,98,68,"[70, 28, 34]",45
1,261,41,89,41,"[44, 19, 12]",8
1,262,21,37,79,"[62, 39, 40]",22
1,263,1,26,41,"[51, 18, 16]",78
1,264,21,6,79,"[35, 33, 67]",37
1,265,36,24,14,"[9, 41, 67]",79
1,266,59,53,31,"[71, 16, 96]",50
1,267,66,51,8,"[38, 88, 70]",24
1,268,44,49,17,"[29, 69, 69]",62
1,269,92,36,84,"[81, 85, 10]",60
1,270,2,5,18,"[15, 96, 13]",23
1,271,68,71,9,"[23, 47, 41]",82
1,272,100,90,1,"[72, 1, 64]",81
1,273,21,65,34,"[54, 65, 82]",66
1,274,68,36,66,"[62, 50, 57]",74
1,275,32,95,100,"[57, 14, 85]",79
1,276,23,28,98,"[21, 37, 28]",98
1,277,71,25,84,"[47, 6, 94]",13
1,278,91,90,89,"[59, 72, 100]",42
1,279,98,63,96,"[32, 42, 40]",23
1,280,44,16,59,"[86, 8, 37]",43
1,281,99,48,14,"[82, 43, 21]",92
1,282,39,89,71,"[24, 25, 41]",85
1,283,80,53,68,"[24, 15, 11]",10
1,284,72,29,72,"[88, 6, 20]",1
1,285,54,92,49,"[28, 5, 69]",77
1,286,64,37,80,"[90, 7, 91]",83
1,287,59,68,77,"[81, 73, 15]",12
1,288,16,52,80,"[27, 83, 1]",93
1,289,76,56,88,"[2, 48, 83]",6
1,290,19,53,53,"[38, 23, 90]",60
1,291,7,24,17,"[70, 11, 67]",98
1,292,21,57,7,"[90, 73, 92]",48
1,293,55,30,72,"[90, 16, 50]",24
1,294,83,90,51,"[30, 26, 32]",99
1,295,2,45,75,"[7, 85, 58]",61
1,296,77,83,27,"[9, 56, 61]",21
1,297,92,79,18,"[27, 60, 21]",96
1,298,5,60,59,"[88, 38, 48]",64
1,299,2,12,41,"[34, 86, 96]",72
1,300,20,59,72,"[69, 79, 39]",84
1,301,72,42,21,"[29, 54, 61]",20
1,302,53,20,41,"[52, 30, 70]",95
1,303,25,59,19,"[94, 28, 40]",46
1,304,86,71,86,"[24, 80, 79]",82
1,305,8,76,33,"[49, 23, 39]",85
1,306,26,79,70,"[98, 50, 56]",60
1,307,84,31,27,"[3, 21, 95]",33
1,308,75,13,81,"[16, 12, 65]",32
1,309,91,84,57,"[36, 40, 66]",61
1,310,79,15,100,"[37, 63, 70]",40
1,311,89,31,31,"[65, 48, 15]",91
1,312,45,85,85,"[88, 83, 61]",35
1,313,29,11,96,"[40, 67, 73]",45
1,314,8,26,18,"[17, 87, 28]",37
1,315,66,18,9,"[92, 5, 74]",63
1,316,42,81,3,"[54, 37, 58]",49
1,317,89,97,68,"[96, 9, 32]",68
1,318,16,66,43,"[28, 66, 75]",89
1,319,71,67,88,"[61, 66, 98]",78
1,320,26,80,84,"[74, 15, 44]",29
1,321,39,2,77,"[32, 62, 83]",83
1,322,4,76,93,"[13, 61, 3]",87
1,323,90,28,9,"[72, 86, 75]",73
1,324,60,70,90,"[37, 4, 37]",96
1,325,62,12,33,"[35, 39, 70]",79
1,326,95,95,50,"[30, 98, 47]",60
1,327,47,58,4,"[62, 53, 84]",24
1,328,75,72,59,"[31, 77, 62]",60
1,329,61,80,51,"[93, 91, 67]",3
1,330,69,61,64,"[0, 17, 10]",37
1,331,31,90,82,"[59, 20, 7]",78
1,332,38,68,35,"[7, 88, 86]",54
1,333,36,79,34,"[83, 41, 61]",74
1,334,73,22,97,"[19, 93, 5]",43
1,335,14,49,88,"[83, 26, 38]",57
1,336,9,48,3,"[39, 86, 22]",89
1,337,73,88,54,"[12, 62, 0]",41
1,338,85,73,48,"[93, 57, 98]",46
1,339,51,12,13,"[85, 64, 14]",39
1,340,61,27,55,"[14, 35, 98]",47
1,341,31,51,42,"[48, 77, 49]",8
1,342,57,67,3,"[20, 95, 1]",8
1,343,67,59,0,"[57, 4, 35]",46
1,344,41,88,24,"[67, 48, 71]",93
1,345,93,74,54,"[74, 89, 89]",67
1,346,59,14,78,"[12, 6, 42]",48
1,347,19,76,51,"[32, 12, 44]",16
1,348,7,91,88,"[26, 87, 39]",54
1,349,72,14,43,"[72, 3, 31]",88
1,350,0,57,18,"[84, 11, 81]",24
1,351,89,37,29,"[83, 0, 16]",26
1,352,34,94,69,"[7, 96, 8]",47
1,353,87,78,54,"[82, 77, 95]",24
1,354,99,55,86,"[73, 40, 95]",9
1,355,37,84,64,"[21, 64, 55]",76
1,356,82,25,4,"[52, 13, 25]",39
1,357,46,48,48,"[50, 74, 82]",66
1,358,24,30,70,"[3, 3, 9]",34
1,359,79,21,39,"[60, 99, 95]",69
1,360,75,32,96,"[6, 4, 86]",90
1,361,44,94,26,"[58, 0, 20]",87
1,362,52,27,73,"[89, 90, 58]",63
1,363,69,20,77,"[25, 77, 63]",82
1,364,77,32,17,"[61, 96, 98]",10
1,365,1,77,67,"[10, 77, 65]",25
1,366,59,0,97,"[8, 18, 79]",1
1,367,50,32,81,"[40, 83, 67]",46
1,368,34,100,26,"[20, 55, 11]",98
1,369,48,99,79,"[98, 71, 32]",94
1,370,65,65,16,"[36, 25, 87]",58
1,371,30,86,70,"[62, 79, 92]",38
1,372,24,90,71,"[63, 59, 92]",52
1,373,13,52,24,"[33, 11, 85]",71
1,374,71,95,82,"[14, 96, 16]",98
1,375,40,92,55,"[17, 32, 12]",31
1,376,89,26,31,"[90, 37, 11]",91
1,377,80,88,98,"[59, 33, 33]",44
1,378,87,52,45,"[20, 18, 59]",51
1,379,81,54,47,"[82, 27, 28]",69
1,380,67,19,90,"[35, 84, 66]",66
1,381,66,82,26,"[40, 7, 1]",18
1,382,83,12,53,"[19, 5, 14]",57
1,383,84,34,58,"[81, 97, 78]",45
1,384,36,7,37,"[62, 59, 43]",73
1,385,60,58,6,"[63, 5, 28]",59
1,386,56,27,6,"[55, 47, 46]",40
1,387,14,24,44,"[47, 70, 94]",77
1,388,89,2,55,"[17, 89, 40]",24
1,389,78,54,55,"[41, 37, 74]",55
1,390,14,70,91,"[43, 25, 83]",29
1,391,56,35,10,"[25, 67, 8]",85
1,392,12,26,59,"[55, 79, 41]",82
1,393,9,13,63,"[69, 48, 53]",36
1,394,50,96,12,"[26, 34, 7]",47
1,395,50,36,52,"[25, 58, 48]",50
1,396,52,35,13,"[70, 27, 14]",66
1,397,48,60,98,"[15, 80, 45]",58
1,398,21,61,36,"[37, 12, 61]",65
1,399,76,44,2,"[92, 55, 8]",16
1,400,72,10,32,"[63, 8, 38]",54
1,401,45,81,52,"[66, 56, 33]",90
1,402,84,60,80,"[99, 2, 29]",20
1,403,76,51,76,"[17, 68, 9]",92
1,404,4,91,25,"[28, 48, 81]",62
1,405,28,78,50,"[94, 82, 73]",39
1,406,92,3,91,"[0, 41, 18]",12
1,407,40,35,99,"[17, 15, 79]",57
1,408,14,28,39,"[9, 52, 56]",0
1,409,80,17,39,"[65, 22, 99]",35
1,410,38,49,68,"[57, 76, 7]",83
1,411,85,91,1,"[71, 48, 25]",12
1,412,22,39,73,"[58, 4, 66]",84
1,413,26,12,44,"[32, 60, 88]",15
1,414,98,16,49,"[4, 78, 13]",86
1,415,87,29,26,"[63, 20, 11]",7
1,416,35,29,84,"[92, 12, 64]",39
1,417,48,92,73,"[63, 25, 90]",54
1,418,82,69,99,"[54, 63, 76]",9
1,419,85,86,61,"[94, 57, 70]",70
1,420,47,79,92,"[65, 48, 63]",34
1,421,99,92,97,"[64, 98, 95]",5
1,422,10,72,95,"[99, 55, 2]",1
1,423,95,18,46,"[36, 16, 82]",17
1,424,45,6,20,"[68, 65, 77]",70
1,425,18,95,54,"[12, 23, 81]",38
1,426,15,85,55,"[54, 99, 69]",41
1,427,59,69,25,"[55, 53, 27]",36
1,428,31,53,1,"[71, 24, 54]",37
1,429,99,97,7,"[97, 1, 100]",28
1,430,82,33,49,"[55, 33, 87]",47
1,431,94,56,57,"[97, 92, 19]",22
1,432,22,86,0,"[29, 57, 46]",22
1,433,23,100,62,"[0, 1, 12]",19
1,434,77,4,11,"[55, 52, 2]",11
1,435,47,25,57,"[51, 82, 46]",31
1,436,8,51,51,"[85, 68, 95]",92
1,437,76,28,6,"[1, 83, 25]",37
1,438,56,8,45,"[74, 42, 57]",96
1,439,37,58,73,"[74, 2, 80]",34
1,440,58,40,93,"[88, 8, 76]",60
1,441,55,28,90,"[84, 80, 56]",79
1,442,78,54,1,"[61, 74, 25]",99
1,443,58,93,90,"[3, 86, 74]",41
1,444,72,27,17,"[16, 26, 89]",29
1,445,26,44,84,"[59, 96, 89]",62
1,446,26,5,0,"[21, 56, 54]",23
1,447,97,2,1,"[69, 59, 32]",69
1,448,55,22,81,"[22, 64, 2]",81
1,449,39,84,57,"[16, 56, 96]",13
1,450,44,84,45,"[99, 46, 79]",89
1,451,28,5,55,"[24, 16, 71]",33
1,452,75,99,32,"[16, 39, 64]",43
1,453,78,16,92,"[100, 91, 77]",12
1,454,58,52,1,"[47, 34, 26]",63
1,455,33,13,12,"[20, 82, 96]",97
1,456,80,67,3,"[7, 90, 56]",0
1,457,77,64,92,"[28, 94, 40]",87
1,458,54,17,49,"[19, 42, 33]",60
1,459,27,88,6,"[50, 84, 3]",92
1,460,74,91,27,"[40, 35, 7]",64
1,461,14,97,21,"[58, 81, 6]",93
1,462,9,13,61,"[4, 67, 23]",14
1,463,73,29,70,"[24, 2, 31]",100
1,464,1,74,55,"[16, 24, 45]",35
1,465,61,55,93,"[61, 40, 83]",82
1,466,78,1,58,"[12, 91, 42]",76
1,467,64,19,94,"[14, 52, 0]",39
1,468,25,5,47,"[28, 21, 76]",44
1,469,66,46,53,"[93, 28, 94]",5
1,470,39,6,81,"[83, 35, 98]",8
1,471,78,69,10,"[15, 29, 69]",69
1,472,69,63,6,"[65, 16, 92]",33
1,473,43,91,68,"[75, 84, 2]",72
1,474,56,46,18,"[93, 70, 11]",62
1,475,89,99,45,"[78, 100, 44]",26
1,476,58,93,97,"[46, 45, 69]",5
1,477,52,78,44,"[95, 95, 45]",0
1,478,73,79,23,"[82, 93, 39]",91
1,479,4,49,61,"[99, 74, 43]",48
1,480,95,73,51,"[36, 10, 45]",32
1,481,51,44,100,"[45, 47, 78]",52
1,482,54,91,79,"[25, 97, 65]",48
1,483,77,86,93,"[62, 63, 8]",41
1,484,50,36,87,"[4, 44, 13]",42
1,485,52,84,25,"[8, 92, 34]",33
1,486,41,84,59,"[26, 15, 92]",1
1,487,23,75,43,"[86, 46, 31]",14
1,488,89,32,24,"[7, 16, 18]",47
1,489,12,93,74,"[55, 98, 45]",14
1,490,68,27,40,"[19, 42, 4]",56
1,491,95,81,23,"[8, 98, 41]",1
1,492,60,78,75,"[54, 26, 40]",11
1,493,57,48,2,"[61, 51, 43]",91
1,494,78,74,75,"[3, 66, 36]",28
1,495,69,33,16,"[87, 49, 69]",34
1,496,15,71,18,"[20, 11, 80]",98
1,497,50,39,27,"[39, 21, 87]",28
1,498,31,18,60,"[99, 96, 60]",85
1,499,96,51,24,"[76, 7, 45]",94
1,500,93,57,53,"[45, 76, 43]",95
1,501,11,76,14,"[72, 26, 38]",17
1,502,84,0,57,"[79, 30, 93]",69
1,503,31,98,82,"[80, 3, 29]",78
1,504,50,72,20,"[82, 25, 74]",98
1,505,9,17,91,"[0, 66, 8]",38
1,506,65,4,83,"[29, 78, 67]",92
1,507,85,85,98,"[23, 2, 73]",0
1,508,78,14,80,"[78, 83, 36]",10
1,509,70,16,56,"[56, 23, 91]",93
1,510,11,25,35,"[71, 1, 39]",29
1,511,18,68,6,"[27, 47, 50]",42
1,512,34,64,80,"[26, 57, 89]",74
1,513,93,54,99,"[89, 97, 8]",45
1,514,16,8,75,"[89, 40, 54]",50
1,515,55,73,29,"[35, 82, 79]",98
1,516,13,65,20,"[75, 69, 42]",55
1,517,26,46,22,"[32, 21, 43]",16
1,518,2,83,93,"[67, 42, 75]",4
1,519,80,92,22,"[6, 95, 36]",5
1,520,81,69,26,"[84, 2, 0]",54
1,521,88,49,89,"[48, 86, 87]",38
1,522,83,5,21,"[31, 60, 68]",55
1,523,20,56,91,"[58, 24, 96]",80
1,524,10,28,88,"[27, 16, 21]",78
1,525,47,56,26,"[41, 67, 53]",94
1,526,83,96,11,"[14, 21, 23]",21
1,527,57,79,82,"[49, 86, 53]",74
1,528,47,65,99,"[23, 24, 52]",60
1,529,75,23,98,"[68, 10, 25]",14
1,530,80,57,55,"[67, 99, 66]",7
1,531,28,32,64,"[6, 81, 56]",94
1,532,65,58,79,"[19, 75, 5]",57
1,533,29,42,70,"[52, 23, 1]",69
1,534,4,97,21,"[5, 50, 90]",31
1,535,81,90,44,"[77, 98, 98]",28
1,536,77,25,32,"[55, 88, 100]",63
1,537,51,55,73,"[39, 53, 56]",12
1,538,88,70,29,"[36, 37, 0]",44
1,539,35,32,82,"[6, 100, 90]",78
1,540,93,33,64,"[86, 61, 75]",99
1,541,60,25,52,"[12, 93, 8]",86
1,542,33,80,33,"[100, 97, 34]",78
1,543,60,91,30,"[29, 83, 74]",11
1,544,38,88,79,"[73, 30, 2]",65
1,545,44,45,80,"[17, 13, 71]",83
1,546,70,56,10,"[8, 67, 88]",37
1,547,62,11,25,"[68, 62, 4]",37
1,548,57,5,46,"[49, 95, 32]",67
1,549,10,76,35,"[24, 43, 19]",89
1,550,94,74,55,"[24, 0, 21]",94
1,551,77,57,49,"[52, 66, 24]",8
1,552,3,21,31,"[26, 94, 74]",28
1,553,1,58,57,"[68, 36, 44]",99
1,554,91,62,26,"[28, 64, 23]",58
1,555,85,83,83,"[34, 39, 93]",40
1,556,18,8,46,"[66, 11, 95]",34
1,557,24,80,20,"[7, 8, 20]",13
1,558,31,67,7,"[53, 35, 85]",44
1,559,81,3,100,"[48, 47, 64]",100
1,560,80,95,92,"[55, 17, 89]",77
1,561,38,15,23,"[74, 21, 74]",45
1,562,41,6,19,"[63, 82, 56]",86
1,563,54,79,37,"[99, 55, 37]",3
1,564,39,39,92,"[11, 41, 12]",65
1,565,35,97,93,"[78, 17, 32]",54
1,566,74,65,55,"[91, 15, 66]",51
1,567,72,55,23,"[17, 55, 32]",25
1,568,35,73,73,"[71, 74, 54]",64
1,569,35,60,67,"[9, 61, 37]",76
1,570,53,36,31,"[28, 97, 91]",1
1,571,89,21,28,"[56, 35, 8]",3
1,572,50,74,0,"[49, 86, 44]",26
1,573,41,43,83,"[30, 100, 5]",10
1,574,59,76,8,"[22, 28, 77]",30
1,575,26,7,65,"[75, 30, 77]",23
1,576,71,32,53,"[81, 93, 30]",43
1,577,47,76,9,"[44, 14, 81]",24
1,578,1,32,18,"[16, 51, 73]",3
1,579,81,98,77,"[75, 55, 58]",70
1,580,26,18,51,"[9, 16, 66]",77
1,581,14,100,59,"[34, 42, 34]",62
1,582,12,33,42,"[10, 60, 10]",27
1,583,56,31,47,"[30, 6, 83]",78
1,584,89,74,21,"[76, 41, 82]",86
1,585,19,17,51,"[9, 69, 83]",9
1,586,80,99,75,"[33, 10, 34]",94
1,587,57,92,25,"[93, 18, 53]",99
1,588,21,64,84,"[80, 97, 92]",83
1,589,38,92,5,"[74, 88, 12]",100
1,590,0,7,19,"[85, 71, 46]",47
1,591,90,43,49,"[61, 90, 67]",35
1,592,34,87,95,"[21, 98, 67]",20
1,593,17,63,73,"[69, 91, 77]",49
1,594,42,70,7,"[28, 23, 73]",59
1,595,19,97,72,"[77, 74, 23]",20
1,596,63,48,67,"[36, 83, 12]",52
1,597,0,15,75,"[83, 80, 12]",72
1,598,34,55,17,"[31, 95, 4]",17
1,599,80,6,83,"[81, 74, 56]",83
1,600,83,84,8,"[94, 88, 80]",57
1,601,6,38,55,"[0, 25, 80]",73
1,602,12,6,99,"[4, 37, 46]",87
1,603,73,40,47,"[35, 32, 53]",47
1,604,4,15,31,"[44, 28, 39]",58
1,605,46,23,53,"[13, 89, 85]",76
1,606,69,65,11,"[73, 47, 89]",33
1,607,68,62,90,"[30, 75, 55]",5
1,608,21,79,64,"[49, 74, 0]",76
1,609,8,61,74,"[5, 9, 27]",62
1,610,63,85,68,"[89, 9, 32]",5
1,611,30,89,86,"[42, 11, 3]",83
1,612,77,30,25,"[26, 12, 89]",8
1,613,57,21,95,"[79, 83, 20]",99
1,614,41,42,50,"[73, 23, 37]",18
1,615,78,41,32,"[65, 3, 10]",57
1,616,8,35,73,"[92, 26, 67]",60
1,617,14,81,47,"[31, 1, 57]",96
1,618,18,3,6,"[1, 74, 13]",24
1,619,64,30,24,"[8, 65, 69]",3
1,620,19,36,28,"[47, 24, 69]",42
1,621,7,68,70,"[34, 77, 19]",79
1,622,41,16,18,"[33, 83, 16]",59
1,623,25,11,80,"[78, 3, 84]",25
1,624,54,30,90,"[57, 7, 26]",11
1,625,17,14,55,"[97, 34, 15]",88
1,626,74,74,99,"[11, 67, 96]",98
1,627,62,34,42,"[65, 97, 34]",43
1,628,11,93,49,"[89, 57, 93]",95
1,629,49,75,26,"[70, 52, 71]",77
1,630,21,30,40,"[90, 38, 41]",23
1,631,71,70,3,"[34, 6, 23]",62
1,632,78,56,7,"[73, 79, 1]",6
1,633,58,22,95,"[86, 65, 77]",4
1,634,60,60,3,"[90, 76, 32]",8
1,635,67,45,2,"[19, 47, 46]",48
1,636,49,42,55,"[19, 27, 55]",84
1,637,69,74,46,"[13, 35, 76]",1
1,638,46,71,72,"[37, 27, 31]",24
1,639,70,82,61,"[87, 20, 37]",82
1,640,100,92,9,"[74, 15, 31]",47
1,641,63,79,4,"[34, 48, 78]",56
1,642,55,38,31,"[43, 64, 31]",66
1,643,1,62,79,"[88, 13, 24]",98
1,644,25,99,24,"[96, 67, 12]",43
1,645,35,33,72,"[95, 42, 63]",32
1,646,22,99,88,"[62, 70, 6]",76
1,647,99,42,48,"[35, 19, 12]",14
1,648,87,24,47,"[29, 62, 71]",22
1,649,62,73,9,"[70, 32, 84]",16
1,650,88,97,6,"[49, 12, 70]",2
1,651,92,98,33,"[1, 71, 36]",93
1,652,52,64,58,"[97, 54, 67]",51
1,653,43,66,40,"[89, 6, 73]",73
1,654,57,41,42,"[66, 21, 35]",22
1,655,56,30,19,"[54, 98, 97]",92
1,656,52,59,63,"[7, 24, 91]",64
1,657,14,11,74,"[13, 84, 82]",11
1,658,25,38,96,"[12, 25, 45]",5
1,659,4,92,37,"[59, 42, 86]",94
1,660,32,50,21,"[25, 32, 19]",47
1,661,67,74,5,"[46, 48, 88]",16
1,662,39,69,46,"[32, 0, 61]",80
1,663,81,98,46,"[54, 70, 71]",27
1,664,28,43,66,"[78, 1, 6]",99
1,665,75,11,7,"[28, 40, 3]",37
1,666,29,97,11,"[26, 75, 28]",11
1,667,86,87,24,"[32, 93, 2]",16
1,668,50,41,55,"[9, 35, 100]",42
1,669,87,61,8,"[28, 18, 12]",55
1,670,23,38,69,"[89, 70, 71]",86
1,671,87,68,39,"[93, 48, 62]",94
1,672,61,44,17,"[51, 75, 79]",61
1,673,56,53,97,"[51, 84, 60]",13
1,674,27,61,90,"[63, 83, 27]",74
1,675,57,52,18,"[35, 69, 33]",20
1,676,5,51,73,"[51, 78, 84]",85
1,677,89,83,10,"[19, 20, 92]",45
1,678,73,52,33,"[52, 22, 86]",14
1,679,20,69,18,"[92, 55, 94]",35
1,680,66,65,4,"[95, 35, 49]",68
1,681,95,60,44,"[64, 97, 71]",30
1,682,37,74,36,"[68, 41, 85]",47
1,683,36,63,4,"[18, 82, 73]",35
1,684,54,13,85,"[32, 10, 96]",40
1,685,22,98,13,"[95, 27, 35]",70
1,686,53,47,82,"[41, 10, 21]",50
1,687,95,21,50,"[85, 22, 44]",81
1,688,55,38,80,"[27, 100, 33]",1
1,689,91,7,89,"[69, 7, 92]",5
1,690,99,28,70,"[100, 1, 78]",46
1,691,94,78,42,"[78, 42, 40]",53
1,692,19,29,0,"[48, 68, 4]",46
1,693,88,90,12,"[29, 20, 77]",39
1,694,33,37,39,"[33, 76, 80]",66
1,695,19,25,71,"[87, 15, 72]",96
1,696,99,52,12,"[24, 24, 43]",22
1,697,80,4,69,"[99, 68, 65]",47
1,698,77,73,4,"[92, 2, 77]",21
1,699,72,80,62,"[56, 49, 65]",41
1,700,64,71,21,"[45, 66, 83]",89
1,701,94,30,96,"[67, 51, 19]",53
1,702,14,19,52,"[29, 27, 82]",18
1,703,58,2,15,"[93, 81, 99]",95
1,704,59,50,70,"[9, 60, 62]",17
1,705,18,26,10,"[42, 14, 9]",30
1,706,3,64,28,"[34, 19, 42]",7
1,707,52,35,56,"[13, 45, 8]",1
1,708,62,48,8,"[61, 65, 10]",3
1,709,24,62,37,"[79, 66, 43]",1
1,710,29,12,49,"[19, 28, 36]",9
1,711,73,87,35,"[91, 62, 85]",95
1,712,18,25,22,"[49, 79, 84]",94
1,713,9,98,9,"[58, 25, 30]",88
1,714,57,7,54,"[89, 56, 92]",24
1,715,70,57,46,"[80, 94, 12]",68
1,716,7,35,6,"[70, 60, 93]",33
1,717,75,11,73,"[7, 53, 1]",44
1,718,81,10,11,"[91, 18, 53]",66
1,719,18,43,49,"[63, 42, 21]",85
1,720,93,93,38,"[8, 13, 57]",14
1,721,63,29,16,"[84, 43, 30]",32
1,722,31,36,0,"[51, 75, 20]",25
1,723,4,60,23,"[66, 20, 11]",25
1,724,98,34,26,"[14, 11, 63]",31
1,725,33,21,4,"[18, 55, 72]",53
1,726,49,50,88,"[69, 83, 18]",46
1,727,96,65,51,"[44, 11, 55]",35
1,728,65,18,100,"[77, 58, 59]",11
1,729,38,70,22,"[84, 27, 7]",92
1,730,33,74,0,"[20, 44, 65]",63
1,731,43,3,55,"[62, 9, 8]",81
1,732,33,29,53,"[31, 64, 49]",72
1,733,68,49,60,"[91, 62, 46]",25
1,734,83,82,27,"[18, 12, 98]",84
1,735,14,7,31,"[93, 18, 13]",11
1,736,61,13,61,"[15, 60, 92]",52
1,737,85,45,0,"[33, 16, 78]",27
1,738,18,1,16,"[28, 77, 100]",76
1,739,10,86,12,"[83, 14, 30]",12
1,740,3,97,35,"[22, 69, 6]",43
1,741,60,16,45,"[12, 10, 58]",84
1,742,32,23,41,"[14, 90, 63]",23
1,743,2,82,44,"[84, 7, 74]",37
1,744,26,7,24,"[48, 7, 74]",51
1,745,53,7,92,"[84, 62, 69]",35
1,746,20,20,29,"[61, 50, 56]",79
1,747,3,80,18,"[79, 73, 53]",76
1,748,35,47,83,"[43, 40, 100]",25
1,749,22,18,17,"[43, 78, 51]",8
1,750,14,62,17,"[66, 38, 73]",46
1,751,20,42,9,"[23, 93, 14]",90
1,752,40,71,90,"[51, 62, 96]",82
1,753,17,66,3,"[4, 25, 64]",85
1,754,48,14,76,"[54, 97, 4]",73
1,755,19,28,65,"[74, 47, 8]",28
1,756,89,69,8,"[8, 83, 10]",39
1,757,65,93,93,"[80, 23, 88]",12
1,758,87,26,12,"[59, 49, 91]",65
1,759,80,40,32,"[22, 12, 29]",91
1,760,21,38,25,"[80, 8, 27]",4
1,761,38,82,64,"[16, 9, 60]",82
1,762,8,19,63,"[65, 47, 57]",66
1,763,4,3,86,"[48, 27, 62]",25
1,764,73,23,4,"[57, 86, 83]",97
1,765,60,28,60,"[19, 2, 50]",45
1,766,100,96,69,"[56, 14, 19]",59
1,767,76,91,16,"[9, 95, 91]",97
1,768,60,72,38,"[9, 60, 99]",31
1,769,52,88,11,"[66, 70, 87]",94
1,770,90,48,11,"[57, 21, 66]",46
1,771,8,41,42,"[14, 46, 28]",58
1,772,77,81,86,"[18, 28, 46]",65
1,773,78,46,51,"[41, 18, 90]",14
1,774,23,100,13,"[96, 78, 14]",60
1,775,82,65,31,"[85, 45, 60]",25
1,776,83,9,59,"[69, 4, 98]",29
1,777,82,25,61,"[69, 10, 69]",50
1,778,73,32,1,"[30, 57, 89]",97
1,779,98,74,86,"[90, 72, 100]",52
1,780,61,12,7,"[14, 92, 0]",19
1,781,41,76,3,"[57, 99, 43]",77
1,782,12,27,89,"[37, 36, 1]",86
1,783,20,58,26,"[51, 37, 3]",42
1,784,57,7,1,"[86, 45, 65]",44
1,785,45,0,59,"[93, 12, 6]",78
1,786,26,28,26,"[81, 96, 50]",63
1,787,72,49,38,"[32, 42, 49]",45
1,788,82,44,93,"[61, 2, 9]",71
1,789,6,58,8,"[90, 44, 58]",90
1,790,7,8,87,"[5, 1, 48]",27
1,791,18,60,7,"[45, 68, 0]",18
1,792,94,85,27,"[76, 2, 75]",75
1,793,18,16,8,"[22, 46, 16]",19
1,794,78,99,59,"[57, 7, 57]",83
1,795,61,40,35,"[29, 30, 56]",72
1,796,38,84,100,"[96, 76, 75]",95
1,797,30,4,7,"[69, 87, 18]",97
1,798,78,96,94,"[9, 3, 11]",29
1,799,10,87,62,"[21, 30, 28]",47
1,800,95,54,41,"[26, 54, 76]",38
1,801,58,48,94,"[60, 52, 26]",63
1,802,24,77,43,"[78, 16, 66]",93
1,803,70,77,52,"[80, 13, 99]",82
1,804,7,43,90,"[72, 52, 82]",46
1,805,28,91,57,"[3, 89, 80]",54
1,806,89,13,5,"[29, 76, 3]",59
1,807,31,80,17,"[61, 10, 28]",81
1,808,61,72,49,"[68, 77, 54]",82
1,809,48,56,1,"[21, 36, 82]",78
1,810,67,84,30,"[91, 22, 53]",74
1,811,38,79,37,"[14, 30, 69]",57
1,812,44,52,11,"[24, 88, 33]",68
1,813,53,79,59,"[30, 18, 10]",74
1,814,57,18,54,"[18, 31, 49]",60
1,815,16,19,41,"[79, 95, 64]",11
1,816,16,81,29,"[27, 87, 36]",67
1,817,13,27,71,"[93, 50, 9]",36
1,818,50,56,83,"[15, 40, 88]",91
1,819,47,44,21,"[8, 99, 68]",5
1,820,75,61,100,"[77, 74, 91]",91
1,821,23,50,39,"[23, 84, 18]",89
1,822,15,52,95,"[72, 76, 77]",64
1,823,50,20,86,"[93, 70, 94]",13
1,824,82,93,88,"[62, 69, 10]",40
1,825,47,62,10,"[47, 45, 86]",97
1,826,96,6,10,"[55, 44, 84]",15
1,827,70,20,14,"[18, 31, 3]",61
1,828,43,96,12,"[54, 20, 90]",75
1,829,85,98,17,"[24, 29, 40]",42
1,830,16,24,41,"[79, 79, 81]",96
1,831,21,81,7,"[80, 81, 48]",88
1,832,18,25,57,"[35, 39, 44]",49
1,833,61,68,30,"[29, 69, 71]",15
1,834,44,10,73,"[81, 35, 37]",16
1,835,80,30,2,"[15, 44, 8]",70
1,836,25,92,2,"[31, 31, 7]",13
1,837,98,73,25,"[63, 95, 70]",76
1,838,8,15,96,"[75, 6, 0]",58
1,839,99,98,46,"[12, 59, 78]",55
1,840,35,76,66,"[79, 33, 86]",24
1,841,56,6,95,"[49, 79, 80]",82
1,842,81,16,13,"[10, 38, 11]",69
1,843,3,42,75,"[45, 89, 89]",45
1,844,11,34,65,"[12, 74, 40]",17
1,845,73,87,38,"[28, 87, 1]",46
1,846,31,7,23,"[7, 60, 86]",79
1,847,65,11,88,"[100, 60, 25]",83
1,848,64,77,2,"[31, 20, 69]",25
1,849,30,85,93,"[4, 44, 65]",97
1,850,53,90,18,"[45, 50, 55]",73
1,851,8,70,16,"[78, 45, 22]",38
1,852,32,61,43,"[58, 50, 56]",88
1,853,0,1,8,"[89, 7, 59]",37
1,854,61,10,89,"[57, 72, 31]",56
1,855,81,20,88,"[17, 66, 82]",93
1,856,69,44,33,"[9, 28, 51]",32
1,857,65,32,69,"[56, 68, 15]",44
1,858,57,100,11,"[92, 5, 80]",91
1,859,15,12,54,"[50, 9, 38]",54
1,860,8,8,30,"[56, 91, 98]",57
1,861,62,63,1,"[85, 27, 55]",60
1,862,66,64,96,"[5, 18, 28]",38
1,863,53,96,95,"[64, 95, 77]",29
1,864,28,89,84,"[46, 60, 35]",75
1,865,86,7,46,"[89, 71, 53]",14
1,866,85,61,97,"[26, 32, 59]",87
1,867,44,99,9,"[15, 20, 91]",87
1,868,91,76,65,"[58, 71, 92]",72
1,869,76,68,75,"[3, 36, 6]",47
1,870,78,56,8,"[5, 74, 51]",45
1,871,9,52,58,"[20, 56, 10]",29
1,872,84,37,1,"[71, 57, 93]",70
1,873,57,99,17,"[57, 41, 76]",3
1,874,18,53,38,"[70, 32, 88]",88
1,875,12,11,17,"[69, 63, 76]",51
1,876,77,80,27,"[86, 6, 72]",22
1,877,68,83,50,"[9, 47, 17]",12
1,878,52,7,36,"[10, 22, 55]",99
1,879,25,18,44,"[22, 91, 67]",91
1,880,79,36,81,"[26, 47, 92]",50
1,881,69,65,37,"[71, 28, 71]",45
1,882,30,94,14,"[20, 14, 62]",98
1,883,42,65,32,"[19, 4, 57]",82
1,884,93,30,99,"[80, 13, 94]",79
1,885,81,93,51,"[64, 37, 4]",20
1,886,45,75,47,"[8, 80, 14]",53
1,887,27,18,92,"[34, 99, 21]",76
1,888,2,89,53,"[53, 91, 67]",46
1,889,68,12,8,"[48, 94, 7]",1
1,890,96,23,68,"[38, 83, 58]",52
1,891,41,96,97,"[83, 75, 70]",59
1,892,11,13,47,"[39, 87, 75]",89
1,893,29,72,24,"[59, 3, 21]",46
1,894,56,74,93,"[100, 67, 90]",6
1,895,97,92,30,"[59, 85, 33]",61
1,896,58,94,30,"[70, 67, 100]",3
1,897,26,97,89,"[9, 65, 26]",71
1,898,16,25,99,"[90, 88, 2]",50
1,899,7,32,14,"[93, 100, 51]",21
1,900,61,48,78,"[4, 14, 41]",8
1,901,81,36,56,"[4, 18, 45]",56
1,902,96,22,46,"[41, 11, 41]",91
1,903,21,55,61,"[93, 74, 17]",23
1,904,83,1,36,"[92, 57, 13]",75
1,905,43,39,64,"[76, 98, 7]",5
1,906,52,65,48,"[100, 38, 43]",99
1,907,30,26,81,"[94, 89, 42]",12
1,908,4,10,87,"[50, 9, 57]",92
1,909,73,37,92,"[41, 8, 45]",25
1,910,27,38,36,"[60, 79, 68]",78
1,911,90,8,54,"[85, 76, 21]",0
1,912,89,95,29,"[29, 92, 18]",25
1,913,32,87,91,"[13, 69, 21]",13
1,914,94,63,34,"[94, 59, 24]",84
1,915,97,0,3,"[12, 98, 98]",4
1,916,71,48,51,"[53, 62, 93]",23
1,917,100,34,84,"[75, 6, 20]",13
1,918,74,87,3,"[50, 45, 90]",64
1,919,11,62,63,"[95, 78, 71]",1
1,920,68,28,95,"[27, 48, 86]",52
1,921,89,50,62,"[46, 22, 33]",27
1,922,12,73,66,"[87, 76, 30]",46
1,923,88,11,8,"[1, 88, 63]",99
1,924,58,63,42,"[67, 5, 26]",98
1,925,61,78,44,"[44, 100, 100]",2
1,926,64,75,75,"[30, 30, 86]",16
1,927,79,54,67,"[40, 92, 17]",59
1,928,44,25,14,"[7, 27, 79]",82
1,929,77,11,82,"[85, 48, 77]",0
1,930,95,32,22,"[50, 4, 66]",24
1,931,18,77,80,"[3, 33, 79]",22
1,932,54,68,33,"[76, 69, 94]",78
1,933,5,44,51,"[22, 51, 28]",8
1,934,36,25,70,"[79, 23, 87]",35
1,935,99,100,63,"[95, 94, 62]",100
1,936,9,26,49,"[22, 94, 35]",83
1,937,26,99,0,"[65, 28, 10]",11
1,938,92,6,59,"[87, 36, 41]",75
1,939,72,84,34,"[4, 94, 56]",0
1,940,17,94,86,"[66, 3, 79]",0
1,941,67,7,91,"[69, 1, 16]",9
1,942,52,69,18,"[47, 98, 33]",55
1,943,26,57,50,"[38, 95, 86]",76
1,944,8,89,87,"[100, 22, 30]",74
1,945,97,47,41,"[29, 70, 86]",79
1,946,93,61,13,"[63, 24, 73]",53
1,947,70,98,69,"[93, 84, 95]",86
1,948,92,88,1,"[18, 68, 55]",48
1,949,13,89,91,"[23, 83, 95]",71
1,950,55,19,61,"[59, 71, 34]",49
1,951,82,91,68,"[61, 49, 15]",17
1,952,95,34,100,"[21, 2, 41]",98
1,953,91,86,100,"[3, 67, 1]",6
1,954,46,9,28,"[96, 30, 97]",18
1,955,85,25,7,"[14, 27, 36]",59
1,956,88,73,55,"[12, 8, 1]",12
1,957,4,24,19,"[28, 25, 87]",63
1,958,14,11,43,"[30, 89, 64]",47
1,959,79,65,74,"[71, 62, 26]",100
1,960,43,94,35,"[33, 83, 75]",57
1,961,44,85,70,"[2, 83, 12]",26
1,962,45,52,74,"[6, 55, 99]",71
1,963,93,34,4,"[34, 55, 62]",78
1,964,9,22,63,"[6, 72, 41]",79
1,965,77,18,7,"[91, 28, 4]",85
1,966,64,100,5,"[5, 4, 43]",34
1,967,45,22,56,"[50, 57, 26]",8
1,968,3,78,38,"[33, 89, 30]",25
1,969,70,72,57,"[32, 11, 4]",40
1,970,37,24,30,"[23, 22, 28]",38
1,971,92,93,100,"[93, 58, 69]",48
1,972,66,9,9,"[20, 20, 58]",1
1,973,59,33,50,"[75, 45, 86]",38
1,974,18,61,79,"[52, 60, 53]",88
1,975,39,73,35,"[92, 55, 3]",17
1,976,21,0,68,"[33, 38, 80]",55
1,977,32,73,97,"[71, 85, 83]",14
1,978,88,12,70,"[97, 62, 13]",24
1,979,65,58,75,"[54, 32, 65]",29
1,980,19,74,41,"[52, 39, 81]",22
1,981,50,90,10,"[17, 80, 20]",20
1,982,48,82,86,"[32, 20, 78]",91
1,983,60,67,34,"[53, 40, 92]",3
1,984,49,95,98,"[64, 40, 23]",34
1,985,85,19,13,"[67, 73, 22]",12
1,986,50,0,13,"[18, 25, 75]",27
1,987,36,72,11,"[43, 63, 61]",95
1,988,43,8,44,"[81, 16, 30]",37
1,989,45,87,63,"[28, 97, 15]",46
1,990,35,63,70,"[12, 50, 49]",76
1,991,80,58,69,"[94, 89, 20]",51
1,992,80,72,42,"[26, 10, 64]",55
1,993,2,35,8,"[14, 35, 25]",62
1,994,51,47,30,"[14, 10, 81]",14
1,995,10,28,1,"[77, 24, 71]",93
1,996,55,30,51,"[18, 79, 2]",16
1,997,20,10,96,"[26, 99, 55]",38
1,998,97,53,57,"[36, 23, 58]",40
1,999,40,28,89,"[90, 91, 100]",5
1,1000,2,93,38,"[23, 57, 7]",42
1,1001,96,4,46,"[58, 85, 25]",29
1,1002,55,85,40,"[24, 30, 17]",51
1,1003,62,18,92,"[23, 44, 33]",45
1,1004,70,71,98,"[26, 58, 33]",19
1,1005,54,2,57,"[42, 13, 73]",40
1,1006,53,6,87,"[98, 41, 21]",7
1,1007,29,3,98,"[84, 36, 54]",38
1,1008,11,6,1,"[96, 85, 21]",65
1,1009,57,34,50,"[2, 1, 27]",6
1,1010,75,75,16,"[67, 72, 66]",39
1,1011,71,28,71,"[75, 47, 17]",7
1,1012,59,22,0,"[10, 64, 20]",100
1,1013,87,6,89,"[67, 77, 96]",12
1,1014,68,0,79,"[72, 37, 32]",32
1,1015,70,64,72,"[71, 75, 58]",81
1,1016,79,28,66,"[47, 36, 13]",13
1,1017,26,38,62,"[13, 57, 49]",86
1,1018,32,66,92,"[57, 59, 43]",93
1,1019,46,2,88,"[3, 41, 80]",8
1,1020,21,1,91,"[98, 66, 92]",93
1,1021,91,17,21,"[16, 77, 46]",60
1,1022,51,76,76,"[3, 36, 80]",72
1,1023,73,66,50,"[48, 5, 8]",73
1,1024,28,72,91,"[51, 18, 31]",21
1,1025,63,0,3,"[42, 43, 79]",74
1,1026,91,74,58,"[10, 100, 35]",80
1,1027,53,56,26,"[55, 55, 97]",82
1,1028,58,49,93,"[59, 2, 57]",53
1,1029,51,89,28,"[93, 88, 46]",32
1,1030,90,11,63,"[61, 33, 29]",85
1,1031,4,2,10,"[100, 82, 25]",48
1,1032,54,60,84,"[5, 92, 21]",93
1,1033,58,59,64,"[28, 72, 86]",26
1,1034,53,97,11,"[93, 30, 56]",45
1,1035,77,10,56,"[53, 10, 79]",70
1,1036,52,39,36,"[15, 86, 5]",49
1,1037,58,72,2,"[85, 28, 67]",8
1,1038,100,65,31,"[28, 4, 76]",47
1,1039,51,53,18,"[7, 88, 30]",67
1,1040,91,67,86,"[30, 9, 14]",48
1,1041,3,75,64,"[96, 86, 97]",0
1,1042,0,5,94,"[38, 8, 5]",52
1,1043,50,2,59,"[11, 34, 16]",78
1,1044,34,57,30,"[73, 12, 100]",16
1,1045,61,10,97,"[71, 87, 16]",13
1,1046,34,26,61,"[63, 9, 39]",40
1,1047,21,69,67,"[11, 1, 82]",75
1,1048,68,36,75,"[48, 83, 47]",5
1,1049,20,48,19,"[82, 75, 40]",70
1,1050,21,83,72,"[69, 64, 93]",87
1,1051,40,83,2,"[82, 4, 15]",66
1,1052,74,47,92,"[23, 74, 37]",98
1,1053,48,83,15,"[15, 68, 55]",95
1,1054,28,28,16,"[0, 29, 79]",78
1,1055,36,51,17,"[43, 74, 79]",89
1,1056,79,2,51,"[27, 41, 5]",22
1,1057,88,84,11,"[85, 37, 5]",54
1,1058,34,42,96,"[13, 70, 71]",8
1,1059,64,51,17,"[46, 40, 8]",19
1,1060,32,11,68,"[10, 56, 26]",92
1,1061,22,18,64,"[80, 89, 47]",73
1,1062,68,38,53,"[58, 3, 81]",77
1,1063,16,88,56,"[32, 58, 31]",70
1,1064,39,80,15,"[75, 69, 91]",59
1,1065,48,98,53,"[14, 28, 2]",18
1,1066,1,92,71,"[1, 90, 41]",68
1,1067,77,15,28,"[56, 29, 80]",42
1,1068,74,51,58,"[67, 15, 84]",67
1,1069,36,63,83,"[12, 9, 67]",27
1,1070,92,91,76,"[82, 72, 15]",18
1,1071,11,70,76,"[72, 6, 75]",54
1,1072,96,84,82,"[73, 23, 12]",34
1,1073,84,90,15,"[83, 53, 55]",49
1,1074,11,69,98,"[95, 47, 63]",50
1,1075,60,14,12,"[80, 90, 87]",55
1,1076,47,83,70,"[32, 67, 30]",49
1,1077,96,83,65,"[84, 61, 3]",39
1,1078,98,25,63,"[15, 29, 7]",40
1,1079,97,25,43,"[90, 99, 30]",70
1,1080,47,12,6,"[63, 5, 78]",93
1,1081,41,32,50,"[97, 39, 17]",30
1,1082,28,52,75,"[64, 44, 11]",18
1,1083,0,9,1,"[13, 14, 67]",96
1,1084,69,42,59,"[95, 2, 52]",78
1,1085,13,47,46,"[8, 69, 67]",18
1,1086,69,10,60,"[12, 83, 24]",27
1,1087,87,21,51,"[16, 18, 61]",50
1,1088,43,24,81,"[31, 44, 11]",35
1,1089,63,46,98,"[27, 94, 40]",95
1,1090,88,70,8,"[91, 62, 98]",76
1,1091,40,90,34,"[60, 30, 10]",67
1,1092,46,63,66,"[63, 78, 91]",31
1,1093,95,50,19,"[23, 1, 29]",54
1,1094,6,100,76,"[3, 58, 72]",19
1,1095,94,70,37,"[50, 39, 16]",0
1,1096,36,76,29,"[49, 26, 71]",38
1,1097,32,41,68,"[81, 27, 0]",48
1,1098,48,34,31,"[87, 78, 88]",20
1,1099,62,60,94,"[1, 24, 13]",85
1,1100,52,75,1,"[56, 80, 26]",75
1,1101,46,9,58,"[100, 77, 68]",82
1,1102,54,66,22,"[100, 87, 44]",68
1,1103,98,22,48,"[29, 78, 2]",36
1,1104,49,47,26,"[48, 80, 72]",53
1,1105,48,8,12,"[16, 7, 67]",77
1,1106,72,25,52,"[59, 58, 35]",22
1,1107,57,30,15,"[87, 0, 86]",97
1,1108,34,74,13,"[55, 17, 53]",66
1,1109,13,97,80,"[98, 44, 28]",72
1,1110,31,59,89,"[18, 39, 6]",82
1,1111,12,94,19,"[54, 61, 58]",49
1,1112,0,3,58,"[62, 30, 100]",30
1,1113,26,77,37,"[65, 39, 71]",82
1,1114,77,53,68,"[6, 72, 41]",40
1,1115,84,60,39,"[77, 30, 95]",84
1,1116,54,58,84,"[2, 6, 51]",50
1,1117,78,1,88,"[80, 26, 2]",37
1,1118,84,21,29,"[64, 99, 87]",94
1,1119,86,39,67,"[20, 61, 100]",21
1,1120,11,44,8,"[29, 35, 34]",43
1,1121,93,67,71,"[76, 47, 35]",69
1,1122,21,52,53,"[11, 78, 38]",45
1,1123,86,6,34,"[15, 77, 61]",93
1,1124,72,18,91,"[73, 8, 84]",44
1,1125,48,0,76,"[81, 87, 94]",42
1,1126,38,26,42,"[25, 67, 37]",90
1,1127,38,7,8,"[34, 100, 10]",94
1,1128,27,42,0,"[39, 83, 59]",63
1,1129,64,6,8,"[58, 31, 50]",52
1,1130,32,62,18,"[5, 2, 72]",0
1,1131,100,64,77,"[67, 30, 87]",54
1,1132,27,22,44,"[82, 84, 4]",9
1,1133,45,3,30,"[64, 83, 7]",70
1,1134,77,78,45,"[41, 0, 95]",91
1,1135,91,70,83,"[44, 62, 72]",94
1,1136,13,37,79,"[48, 75, 72]",2
1,1137,20,67,11,"[17, 44, 15]",92
1,1138,89,74,12,"[78, 11, 54]",47
1,1139,22,89,32,"[87, 61, 35]",90
1,1140,73,66,13,"[37, 15, 52]",90
1,1141,48,31,72,"[100, 31, 12]",78
1,1142,12,73,22,"[31, 48, 29]",87
1,1143,62,15,87,"[67, 32, 20]",42
1,1144,55,89,67,"[18, 12, 23]",88
1,1145,7,53,55,"[67, 13, 42]",25
1,1146,8,49,90,"[6, 4, 8]",17
1,1147,80,88,73,"[22, 48, 21]",80
1,1148,80,58,75,"[68, 35, 40]",89
1,1149,83,49,37,"[4, 60, 52]",12
1,1150,40,88,12,"[92, 16, 93]",84
1,1151,36,94,67,"[33, 40, 77]",94
1,1152,3,43,61,"[4, 54, 33]",89
1,1153,94,83,85,"[98, 36, 86]",60
1,1154,21,93,32,"[89, 89, 37]",13
1,1155,89,8,97,"[52, 98, 68]",5
1,1156,59,98,61,"[61, 30, 77]",88
1,1157,39,83,4,"[74, 66, 30]",52
1,1158,19,49,46,"[61, 52, 34]",10
1,1159,9,42,50,"[14, 37, 30]",12
1,1160,17,5,24,"[72, 16, 98]",16
1,1161,83,13,24,"[33, 1, 47]",65
1,1162,21,84,30,"[4, 88, 26]",99
1,1163,6,52,84,"[42, 91, 16]",82
1,1164,36,80,93,"[60, 29, 3]",53
1,1165,4,32,99,"[73, 27, 27]",99
1,1166,94,95,63,"[75, 72, 13]",27
1,1167,41,9,43,"[66, 38, 100]",57
1,1168,47,41,42,"[78, 15, 67]",22
1,1169,48,63,44,"[98, 100, 33]",28
1,1170,57,27,49,"[67, 62, 34]",39
1,1171,56,10,61,"[21, 32, 70]",49
1,1172,68,66,69,"[81, 41, 26]",86
1,1173,93,76,3,"[38, 98, 18]",66
1,1174,34,91,96,"[2, 84, 91]",8
1,1175,91,48,18,"[100, 87, 31]",38
1,1176,67,4,5,"[15, 82, 84]",18
1,1177,63,57,88,"[7, 74, 53]",19
1,1178,6,4,28,"[67, 48, 79]",2
1,1179,13,84,2,"[70, 12, 2]",48
1,1180,93,78,62,"[95, 52, 3]",97
1,1181,4,13,49,"[64, 14, 12]",39
1,1182,28,99,100,"[87, 75, 99]",11
1,1183,34,47,40,"[42, 25, 83]",68
1,1184,18,11,22,"[31, 65, 43]",78
1,1185,17,89,48,"[19, 8, 11]",45
1,1186,9,80,62,"[55, 18, 41]",35
1,1187,76,60,89,"[15, 24, 96]",42
1,1188,6,29,74,"[17, 18, 27]",30
1,1189,41,21,54,"[92, 73, 35]",83
1,1190,6,68,41,"[61, 95, 22]",6
1,1191,94,2,77,"[59, 60, 29]",43
1,1192,38,68,96,"[74, 62, 38]",96
1,1193,83,41,66,"[91, 71, 94]",14
1,1194,68,6,4,"[28, 66, 69]",48
1,1195,60,20,52,"[38, 26, 0]",92
1,1196,27,89,42,"[43, 2, 31]",40
1,1197,34,12,13,"[92, 86, 94]",14
1,1198,82,20,3,"[69, 95, 49]",49
1,1199,89,75,80,"[11, 52, 46]",12
1,1200,42,15,40,"[9, 39, 1]",2
1,1201,4,3,8,"[52, 30, 39]",61
1,1202,13,0,5,"[90, 77, 54]",50
1,1203,75,67,0,"[76, 28, 83]",78
1,1204,72,21,48,"[99, 1, 20]",42
1,1205,48,80,91,"[10, 23, 4]",65
1,1206,83,21,70,"[60, 17, 17]",66
1,1207,51,45,51,"[76, 83, 20]",40
1,1208,32,25,32,"[15, 1, 46]",24
1,1209,9,76,54,"[59, 71, 3]",23
1,1210,71,40,87,"[87, 84, 15]",64
1,1211,69,43,50,"[41, 0, 17]",23
1,1212,99,6,60,"[84, 58, 75]",93
1,1213,41,20,92,"[29, 100, 44]",76
1,1214,76,9,14,"[83, 36, 83]",63
1,1215,86,45,95,"[22, 67, 47]",51
1,1216,22,49,65,"[29, 59, 67]",62
1,1217,49,38,69,"[26, 73, 75]",73
1,1218,17,92,86,"[84, 22, 48]",45
1,1219,96,72,61,"[13, 17, 91]",8
1,1220,38,82,47,"[37, 93, 24]",61
1,1221,41,82,39,"[1, 16, 38]",52
1,1222,42,34,81,"[26, 1, 21]",97
1,1223,19,77,89,"[65, 15, 13]",63
1,1224,2,40,70,"[26, 25, 81]",96
1,1225,17,14,90,"[21, 88, 26]",3
1,1226,91,19,73,"[31, 92, 51]",41
1,1227,83,58,55,"[56, 8, 32]",82
1,1228,0,21,46,"[12, 11, 15]",77
1,1229,93,23,3,"[92, 45, 96]",60
1,1230,53,54,9,"[2, 15, 21]",45
1,1231,5,100,3,"[56, 13, 75]",77
1,1232,67,77,100,"[1, 46, 2]",50
1,1233,90,35,66,"[42, 36, 72]",3
1,1234,18,86,33,"[10, 20, 61]",12
1,1235,1,70,69,"[45, 76, 95]",23
1,1236,19,54,7,"[2, 26, 59]",100
1,1237,68,95,67,"[20, 90, 8]",56
1,1238,60,6,40,"[49, 10, 73]",76
1,1239,67,93,53,"[21, 15, 66]",68
1,1240,23,54,37,"[96, 38, 32]",34
1,1241,24,51,84,"[9, 48, 9]",4
1,1242,95,99,93,"[48, 14, 2]",50
1,1243,46,29,89,"[32, 51, 26]",12
1,1244,90,34,33,"[27, 13, 90]",86
1,1245,9,53,57,"[0, 24, 62]",80
1,1246,24,13,0,"[83, 11, 30]",43
1,1247,23,25,63,"[50, 65, 69]",87
1,1248,80,92,42,"[61, 19, 43]",2
1,1249,61,79,24,"[97, 30, 91]",90
1,1250,71,23,89,"[64, 32, 96]",17
1,1251,94,88,27,"[12, 74, 65]",91
1,1252,2,89,55,"[60, 90, 58]",49
1,1253,56,94,69,"[89, 39, 92]",61
1,1254,3,47,14,"[38, 42, 22]",19
1,1255,92,19,5,"[35, 46, 9]",82
1,1256,16,74,70,"[16, 63, 67]",98
1,1257,27,79,98,"[54, 10, 40]",43
1,1258,2,75,48,"[87, 67, 79]",66
1,1259,95,8,53,"[24, 40, 56]",46
1,1260,11,80,86,"[43, 9, 61]",91
1,1261,71,20,18,"[5, 91, 12]",1
1,1262,18,48,81,"[49, 88, 31]",32
1,1263,98,10,14,"[63, 85, 4]",85
1,1264,0,7,10,"[81, 50, 10]",22
1,1265,63,32,37,"[72, 27, 5]",84
1,1266,29,63,73,"[44, 33, 82]",37
1,1267,30,64,32,"[75, 46, 59]",72
1,1268,0,77,71,"[23, 43, 75]",54
1,1269,45,31,67,"[19, 60, 48]",47
1,1270,2,11,100,"[72, 60, 3]",91
1,1271,22,26,3,"[30, 41, 84]",23
1,1272,83,24,35,"[71, 78, 52]",32
1,1273,45,54,82,"[96, 94, 42]",32
1,1274,81,29,9,"[40, 95, 47]",90
1,1275,36,1,13,"[58, 100, 41]",75
1,1276,83,51,49,"[77, 49, 11]",99
1,1277,35,71,29,"[81, 74, 25]",60
1,1278,73,9,3,"[88, 65, 44]",45
1,1279,98,19,62,"[21, 16, 94]",23
1,1280,16,4,2,"[84, 35, 92]",50
1,1281,74,76,70,"[12, 25, 94]",90
1,1282,99,26,64,"[15, 96, 51]",58
1,1283,19,9,67,"[84, 45, 11]",48
1,1284,63,19,80,"[62, 83, 94]",75
1,1285,26,51,84,"[17, 2, 30]",60
1,1286,6,24,71,"[19, 85, 47]",75
1,1287,11,24,80,"[88, 54, 28]",46
1,1288,8,44,68,"[84, 47, 62]",60
1,1289,25,64,95,"[59, 30, 93]",66
1,1290,47,96,59,"[20, 70, 99]",97
1,1291,41,31,94,"[22, 72, 31]",23
1,1292,83,88,95,"[8, 56, 19]",100
1,1293,23,79,75,"[55, 63, 25]",48
1,1294,62,51,6,"[40, 41, 63]",15
1,1295,21,29,46,"[97, 26, 66]",42
1,1296,18,60,71,"[67, 70, 75]",10
1,1297,53,80,8,"[57, 37, 50]",42
1,1298,0,17,47,"[46, 1, 70]",23
1,1299,59,99,36,"[64, 30, 32]",67
1,1300,17,98,72,"[54, 27, 54]",39
1,1301,75,23,32,"[47, 85, 48]",76
1,1302,33,21,49,"[74, 69, 61]",68
1,1303,86,44,17,"[35, 81, 88]",93
1,1304,24,30,28,"[73, 44, 76]",53
1,1305,28,7,40,"[14, 55, 94]",63
1,1306,35,61,60,"[80, 21, 29]",37
1,1307,48,3,32,"[0, 15, 59]",74
1,1308,31,44,62,"[43, 57, 74]",90
1,1309,16,4,96,"[12, 25, 26]",66
1,1310,62,64,37,"[1, 66, 70]",97
1,1311,96,22,43,"[96, 87, 58]",92
1,1312,25,55,30,"[3, 95, 41]",13
1,1313,2,36,61,"[24, 61, 67]",27
1,1314,1,84,13,"[49, 2, 2]",75
1,1315,32,34,60,"[49, 100, 77]",21
1,1316,81,20,9,"[52, 26, 60]",48
1,1317,8,40,54,"[30, 23, 5]",17
1,1318,66,47,78,"[21, 29, 32]",7
1,1319,54,74,20,"[93, 10, 14]",3
1,1320,26,20,73,"[96, 6, 11]",98
1,1321,12,56,99,"[99, 96, 23]",3
1,1322,92,9,11,"[99, 23, 28]",28
1,1323,51,28,77,"[36, 14, 72]",26
1,1324,20,33,72,"[71, 88, 19]",96
1,1325,22,76,27,"[77, 38, 21]",20
1,1326,56,64,49,"[3, 94, 82]",46
1,1327,89,7,89,"[22, 61, 21]",62
1,1328,84,98,43,"[2, 10, 55]",68
1,1329,30,97,86,"[89, 4, 75]",72
1,1330,9,93,82,"[69, 7, 97]",13
1,1331,56,65,79,"[57, 86, 2]",21
1,1332,73,52,43,"[41, 32, 95]",45
1,1333,93,25,98,"[51, 27, 100]",91
1,1334,4,79,85,"[34, 41, 67]",92
1,1335,83,12,60,"[8, 11, 35]",64
1,1336,69,10,98,"[6, 97, 8]",18
1,1337,93,5,6,"[7, 17, 27]",57
1,1338,2,63,93,"[98, 8, 40]",97
1,1339,74,92,100,"[40, 79, 59]",64
1,1340,49,45,6,"[6, 1, 30]",59
1,1341,13,73,7,"[99, 67, 0]",32
1,1342,27,40,48,"[5, 53, 51]",85
1,1343,41,57,50,"[97, 74, 28]",41
1,1344,20,70,72,"[70, 1, 42]",92
1,1345,55,58,29,"[58, 12, 15]",49
1,1346,87,30,48,"[64, 46, 96]",21
1,1347,68,83,61,"[25, 64, 37]",42
1,1348,68,79,69,"[23, 48, 91]",67
1,1349,0,56,26,"[62, 22, 53]",88
1,1350,28,15,22,"[78, 82, 69]",35
1,1351,80,80,31,"[66, 46, 73]",91
1,1352,1,6,9,"[14, 33, 37]",94
1,1353,12,96,30,"[35, 2, 96]",89
1,1354,66,17,37,"[29, 21, 45]",51
1,1355,53,82,67,"[23, 66, 22]",56
1,1356,0,44,94,"[52, 14, 42]",86
1,1357,42,85,88,"[28, 7, 22]",78
1,1358,37,18,29,"[59, 53, 34]",22
1,1359,5,50,55,"[77, 26, 24]",24
1,1360,31,77,65,"[8, 36, 3]",62
1,1361,11,4,51,"[29, 95, 5]",93
1,1362,14,10,69,"[59, 48, 89]",71
1,1363,57,19,34,"[91, 14, 45]",12
1,1364,64,79,88,"[3, 46, 32]",50
1,1365,61,39,2,"[74, 29, 25]",25
1,1366,81,80,8,"[52, 69, 43]",16
1,1367,52,59,59,"[84, 15, 53]",18
1,1368,98,39,13,"[43, 23, 90]",35
1,1369,38,54,35,"[43, 18, 53]",77
1,1370,60,31,57,"[2, 98, 0]",86
1,1371,5,3,46,"[55, 96, 82]",56
1,1372,31,32,20,"[1, 84, 92]",18
1,1373,46,94,20,"[98, 8, 76]",34
1,1374,69,82,14,"[0, 48, 13]",18
1,1375,52,23,15,"[11, 80, 57]",66
1,1376,32,12,61,"[29, 14, 18]",34
1,1377,95,3,86,"[35, 89, 85]",82
1,1378,78,78,52,"[34, 1, 59]",79
1,1379,73,15,70,"[20, 50, 14]",71
1,1380,44,40,14,"[85, 82, 12]",33
1,1381,14,3,41,"[92, 68, 25]",2
1,1382,40,21,53,"[9, 61, 74]",100
1,1383,78,23,81,"[60, 19, 46]",99
1,1384,65,5,22,"[83, 88, 93]",77
1,1385,83,55,59,"[71, 72, 65]",7
1,1386,88,63,95,"[55, 7, 26]",79
1,1387,35,22,36,"[33, 70, 27]",7
1,1388,22,42,2,"[51, 68, 62]",74
1,1389,15,37,99,"[65, 80, 39]",58
1,1390,47,58,15,"[22, 48, 3]",47
1,1391,96,30,74,"[86, 100, 19]",3
1,1392,56,57,11,"[36, 32, 46]",1
1,1393,65,68,75,"[83, 4, 34]",21
1,1394,76,87,31,"[91, 72, 54]",94
1,1395,28,24,67,"[41, 13, 59]",39
1,1396,35,70,60,"[43, 82, 78]",57
1,1397,48,87,27,"[44, 25, 69]",8
1,1398,38,25,16,"[3, 16, 42]",44
1,1399,39,28,59,"[68, 2, 35]",63
1,1400,10,2,39,"[74, 1, 58]",42
1,1401,74,35,71,"[32, 81, 47]",45
1,1402,11,40,7,"[60, 84, 63]",14
1,1403,96,99,19,"[51, 66, 82]",74
1,1404,86,70,7,"[28, 2, 10]",21
1,1405,17,8,29,"[66, 67, 94]",74
1,1406,7,2,74,"[4, 5, 62]",83
1,1407,26,2,64,"[18, 5, 50]",97
1,1408,78,93,39,"[42, 91, 64]",66
1,1409,9,78,55,"[60, 63, 4]",97
1,1410,52,75,3,"[2, 41, 95]",17
1,1411,1,44,55,"[86, 88, 99]",69
1,1412,89,39,37,"[31, 48, 68]",76
1,1413,0,6,74,"[63, 93, 33]",97
1,1414,16,48,70,"[91, 29, 66]",47
1,1415,48,61,85,"[37, 21, 38]",85
1,1416,14,44,48,"[83, 100, 59]",39
1,1417,4,10,30,"[41, 70, 69]",46
1,1418,85,58,68,"[44, 56, 15]",14
1,1419,53,18,70,"[66, 7, 99]",18
1,1420,73,39,80,"[74, 48, 42]",97
1,1421,67,2,36,"[38, 45, 68]",20
1,1422,58,68,2,"[35, 49, 40]",60
1,1423,97,87,18,"[45, 38, 68]",42
1,1424,77,63,41,"[10, 58, 81]",87
1,1425,46,34,29,"[38, 94, 23]",29
1,1426,56,94,20,"[8, 16, 81]",47
1,1427,66,2,93,"[5, 39, 42]",11
1,1428,12,86,16,"[9, 100, 1]",12
1,1429,21,65,22,"[50, 72, 94]",44
1,1430,20,75,39,"[69, 11, 18]",97
1,1431,20,18,88,"[16, 97, 20]",30
1,1432,64,38,83,"[83, 56, 8]",77
1,1433,91,39,27,"[20, 46, 22]",56
1,1434,18,90,21,"[19, 29, 44]",44
1,1435,24,9,31,"[80, 47, 81]",49
1,1436,91,74,61,"[97, 19, 50]",85
1,1437,65,2,97,"[57, 40, 79]",44
1,1438,43,20,40,"[24, 76, 44]",4
1,1439,26,94,37,"[45, 50, 4]",12
1,1440,21,56,74,"[30, 99, 76]",78
1,1441,45,4,85,"[85, 32, 26]",91
1,1442,17,52,18,"[36, 82, 34]",22
1,1443,54,19,47,"[80, 70, 71]",19
1,1444,71,58,1,"[3, 70, 60]",24
1,1445,14,94,44,"[52, 5, 34]",80
1,1446,43,12,26,"[60, 56, 87]",40
1,1447,55,2,43,"[97, 9, 76]",92
1,1448,67,39,5,"[60, 78, 61]",35
1,1449,99,72,32,"[16, 53, 63]",73
1,1450,61,13,38,"[71, 85, 10]",43
1,1451,72,32,73,"[60, 29, 52]",25
1,1452,30,0,10,"[40, 70, 70]",31
1,1453,15,51,27,"[33, 56, 65]",72
1,1454,11,99,88,"[77, 89, 82]",87
1,1455,80,53,90,"[45, 38, 31]",39
1,1456,99,47,51,"[52, 78, 99]",22
1,1457,68,90,98,"[80, 67, 48]",47
1,1458,97,93,66,"[91, 26, 27]",86
1,1459,16,71,36,"[15, 64, 100]",0
1,1460,41,61,16,"[83, 81, 93]",58
1,1461,83,29,33,"[70, 27, 8]",66
1,1462,18,78,78,"[72, 10, 63]",71
1,1463,66,53,13,"[37, 30, 94]",30
1,1464,70,33,52,"[61, 58, 44]",8
1,1465,93,79,27,"[10, 7, 71]",69
1,1466,47,13,84,"[9, 71, 54]",9
1,1467,67,49,87,"[50, 21, 30]",49
1,1468,26,69,53,"[84, 74, 13]",40
1,1469,34,57,9,"[21, 55, 13]",35
1,1470,89,33,20,"[23, 31, 33]",63
1,1471,83,54,25,"[15, 67, 63]",62
1,1472,79,8,26,"[45, 91, 8]",63
1,1473,94,69,57,"[12, 79, 81]",93
1,1474,95,11,75,"[31, 19, 25]",86
1,1475,88,90,37,"[92, 72, 43]",27
1,1476,46,52,19,"[27, 59, 58]",19
1,1477,98,25,61,"[70, 42, 42]",54
1,1478,29,66,79,"[11, 12, 72]",80
1,1479,37,97,18,"[23, 86, 94]",58
1,1480,54,1,40,"[95, 96, 33]",62
1,1481,52,45,8,"[71, 21, 32]",93
1,1482,34,78,38,"[97, 99, 73]",0
1,1483,2,91,62,"[2, 38, 6]",85
1,1484,94,2,67,"[27, 25, 19]",75
1,1485,84,99,88,"[72, 25, 86]",24
1,1486,57,93,73,"[17, 35, 1]",59
1,1487,7,39,36,"[11, 74, 32]",60
1,1488,48,56,20,"[63, 21, 60]",80
1,1489,24,20,1,"[49, 66, 24]",70
1,1490,11,9,70,"[96, 10, 49]",32
1,1491,58,24,44,"[69, 61, 2]",44
1,1492,86,98,34,"[73, 92, 47]",3
1,1493,60,47,60,"[74, 97, 100]",47
1,1494,26,51,22,"[28, 79, 88]",95
1,1495,65,27,48,"[57, 47, 2]",19
1,1496,73,0,8,"[24, 23, 64]",97
1,1497,95,69,46,"[91, 36, 65]",69
1,1498,91,16,17,"[4, 99, 62]",75
1,1499,51,17,86,"[33, 11, 85]",43
1,1500,49,22,4,"[16, 25, 92]",26
1,1501,34,91,100,"[80, 58, 55]",13
1,1502,45,49,61,"[8, 0, 87]",15
1,1503,17,11,2,"[46, 83, 55]",58
1,1504,88,37,88,"[88, 44, 66]",40
1,1505,20,73,9,"[57, 4, 7]",44
1,1506,44,15,69,"[97, 31, 64]",8
1,1507,78,99,26,"[46, 21, 43]",50
1,1508,30,43,68,"[5, 72, 99]",52
1,1509,52,35,40,"[10, 38, 79]",61
1,1510,18,58,38,"[47, 21, 16]",92
1,1511,72,34,47,"[36, 5, 36]",75
1,1512,84,4,49,"[36, 83, 2]",96
1,1513,40,72,57,"[43, 13, 97]",75
1,1514,36,30,46,"[93, 27, 33]",35
1,1515,79,50,72,"[56, 87, 100]",49
1,1516,60,68,91,"[98, 16, 54]",78
1,1517,55,1,97,"[58, 1, 50]",71
1,1518,16,90,47,"[88, 97, 89]",89
1,1519,14,46,77,"[1, 78, 37]",40
1,1520,47,72,19,"[55, 40, 13]",65
1,1521,89,1,89,"[13, 93, 50]",25
1,1522,52,22,18,"[18, 85, 18]",11
1,1523,80,90,32,"[18, 76, 50]",0
1,1524,15,67,52,"[88, 20, 96]",13
1,1525,33,28,4,"[32, 55, 53]",78
1,1526,96,42,90,"[74, 92, 4]",47
1,1527,91,13,37,"[34, 2, 56]",80
1,1528,90,37,38,"[12, 24, 30]",19
1,1529,87,85,45,"[84, 58, 60]",55
1,1530,45,30,57,"[73, 79, 34]",55
1,1531,13,85,61,"[9, 99, 61]",56
1,1532,41,32,6,"[9, 77, 12]",73
1,1533,12,74,21,"[56, 57, 52]",80
1,1534,97,83,76,"[50, 94, 44]",93
1,1535,14,78,65,"[65, 42, 42]",63
1,1536,9,63,58,"[53, 69, 11]",80
1,1537,97,71,48,"[75, 12, 93]",92
1,1538,56,46,22,"[37, 0, 100]",72
1,1539,11,77,95,"[90, 76, 97]",55
1,1540,66,3,38,"[52, 96, 31]",42
1,1541,87,64,8,"[32, 57, 77]",50
1,1542,1,41,22,"[19, 30, 3]",6
1,1543,71,71,54,"[1, 35, 46]",39
1,1544,8,10,14,"[61, 89, 5]",92
1,1545,91,35,40,"[0, 29, 93]",4
1,1546,93,88,29,"[47, 61, 48]",54
1,1547,83,94,52,"[37, 22, 27]",44
1,1548,95,80,71,"[55, 11, 18]",82
1,1549,28,6,50,"[33, 64, 92]",100
1,1550,28,38,84,"[61, 93, 100]",7
1,1551,74,46,59,"[69, 26, 67]",49
1,1552,26,54,63,"[64, 53, 51]",82
1,1553,72,6,50,"[90, 17, 65]",11
1,1554,87,2,3,"[51, 50, 37]",14
1,1555,79,24,89,"[1, 19, 19]",92
1,1556,74,38,6,"[17, 88, 76]",81
1,1557,14,100,41,"[5, 12, 6]",27
1,1558,62,88,92,"[87, 24, 52]",100
1,1559,30,54,50,"[16, 47, 36]",56
1,1560,4,36,26,"[98, 67, 85]",41
1,1561,73,22,98,"[99, 71, 46]",76
1,1562,85,85,63,"[79, 33, 90]",7
1,1563,93,22,60,"[8, 94, 42]",89
1,1564,44,30,16,"[93, 69, 58]",73
1,1565,24,96,90,"[50, 90, 5]",46
1,1566,8,77,89,"[1, 79, 71]",72
1,1567,82,91,50,"[45, 56, 89]",61
1,1568,33,54,22,"[52, 1, 55]",40
1,1569,98,34,66,"[48, 83, 56]",1
1,1570,50,88,25,"[33, 17, 73]",14
1,1571,93,20,7,"[35, 33, 22]",62
1,1572,65,77,3,"[72, 88, 46]",83
1,1573,27,45,5,"[12, 55, 33]",10
1,1574,85,23,82,"[89, 25, 30]",71
1,1575,55,24,57,"[11, 97, 84]",79
1,1576,100,98,42,"[32, 83, 71]",97
1,1577,64,53,1,"[6, 81, 3]",36
1,1578,89,1,12,"[78, 92, 64]",26
1,1579,79,23,49,"[89, 39, 2]",100
1,1580,99,81,42,"[88, 11, 75]",16
1,1581,23,55,72,"[5, 50, 54]",7
1,1582,20,46,44,"[73, 6, 24]",14
1,1583,58,22,84,"[65, 70, 98]",11
1,1584,31,44,13,"[100, 14, 98]",2
1,1585,19,79,84,"[68, 85, 6]",89
1,1586,60,23,74,"[77, 26, 83]",65
1,1587,62,37,22,"[92, 47, 27]",36
1,1588,73,88,4,"[51, 61, 59]",37
1,1589,7,40,66,"[2, 88, 96]",33
1,1590,28,83,91,"[58, 44, 90]",60
1,1591,22,79,7,"[22, 53, 42]",18
1,1592,82,67,46,"[63, 99, 29]",53
1,1593,79,66,60,"[51, 19, 23]",15
1,1594,90,48,96,"[84, 50, 12]",17
1,1595,20,67,35,"[66, 22, 18]",57
1,1596,77,82,32,"[41, 62, 82]",10
1,1597,90,6,32,"[21, 66, 68]",40
1,1598,11,20,6,"[86, 43, 49]",52
1,1599,45,12,5,"[81, 62, 25]",38
1,1600,82,65,36,"[40, 26, 49]",44
1,1601,46,68,55,"[26, 85, 83]",32
1,1602,60,12,52,"[69, 15, 32]",62
1,1603,98,17,79,"[9, 72, 57]",94
1,1604,61,29,75,"[43, 24, 44]",27
1,1605,1,87,84,"[18, 86, 86]",40
1,1606,90,79,35,"[70, 94, 30]",88
1,1607,61,76,90,"[52, 87, 74]",27
1,1608,70,54,39,"[55, 38, 85]",99
1,1609,49,71,40,"[20, 83, 70]",18
1,1610,29,19,54,"[88, 94, 95]",76
1,1611,86,54,97,"[29, 13, 94]",67
1,1612,0,92,42,"[26, 48, 15]",8
1,1613,67,95,80,"[49, 34, 97]",65
1,1614,65,74,23,"[28, 88, 41]",6
1,1615,37,92,43,"[13, 33, 98]",45
1,1616,67,99,72,"[97, 17, 70]",40
1,1617,39,1,22,"[55, 35, 22]",88
1,1618,51,68,44,"[65, 87, 77]",13
1,1619,58,82,60,"[32, 1, 57]",1
1,1620,52,26,79,"[71, 0, 80]",24
1,1621,85,66,25,"[32, 57, 92]",16
1,1622,28,2,86,"[73, 86, 27]",28
1,1623,57,38,41,"[11, 5, 19]",46
1,1624,75,52,35,"[26, 48, 99]",39
1,1625,96,76,48,"[6, 20, 67]",16
1,1626,42,90,92,"[7, 53, 52]",66
1,1627,87,96,76,"[39, 49, 25]",88
1,1628,73,31,64,"[77, 12, 26]",42
1,1629,20,32,5,"[63, 35, 8]",41
1,1630,53,78,5,"[7, 57, 6]",25
1,1631,43,43,47,"[50, 34, 52]",44
1,1632,41,40,69,"[8, 85, 85]",87
1,1633,18,35,86,"[83, 19, 58]",29
1,1634,86,75,11,"[68, 13, 78]",51
1,1635,91,77,92,"[78, 79, 88]",2
1,1636,52,89,28,"[84, 86, 96]",7
1,1637,24,4,0,"[58, 66, 64]",97
1,1638,93,83,73,"[39, 55, 50]",41
1,1639,37,88,46,"[45, 19, 78]",82
1,1640,29,70,47,"[99, 80, 70]",62
1,1641,31,16,84,"[0, 47, 50]",53
1,1642,73,73,90,"[24, 49, 90]",59
1,1643,12,78,59,"[46, 97, 58]",65
1,1644,65,8,94,"[14, 92, 27]",10
1,1645,98,85,52,"[49, 64, 58]",71
1,1646,98,94,79,"[21, 14, 3]",57
1,1647,89,11,22,"[85, 31, 15]",100
1,1648,12,37,82,"[4, 26, 61]",81
1,1649,73,53,48,"[98, 92, 69]",14
1,1650,87,93,35,"[7, 20, 63]",98
1,1651,91,86,81,"[56, 27, 59]",48
1,1652,83,25,80,"[33, 41, 40]",40
1,1653,53,94,3,"[1, 6, 36]",72
1,1654,39,49,20,"[48, 80, 61]",57
1,1655,57,57,80,"[97, 65, 73]",77
1,1656,74,81,26,"[2, 79, 85]",91
1,1657,94,0,25,"[87, 81, 82]",19
1,1658,51,16,99,"[3, 57, 83]",100
1,1659,92,51,4,"[27, 36, 58]",67
1,1660,6,70,31,"[7, 50, 8]",3
1,1661,58,55,52,"[68, 86, 38]",81
1,1662,43,82,76,"[77, 45, 19]",9
1,1663,16,21,73,"[22, 38, 88]",73
1,1664,15,7,4,"[4, 41, 93]",80
1,1665,53,73,29,"[49, 68, 93]",20
1,1666,57,83,88,"[27, 42, 7]",88
1,1667,24,52,82,"[9, 25, 8]",54
1,1668,67,41,54,"[40, 2, 49]",24
1,1669,88,94,88,"[1, 35, 20]",72
1,1670,36,51,84,"[16, 32, 86]",25
1,1671,50,8,28,"[50, 37, 75]",74
1,1672,69,44,4,"[86, 100, 63]",18
1,1673,13,52,1,"[49, 33, 7]",65
1,1674,35,1,98,"[95, 68, 40]",41
1,1675,48,9,37,"[98, 1, 8]",13
1,1676,1,72,94,"[43, 73, 31]",87
1,1677,43,88,78,"[67, 92, 96]",81
1,1678,14,92,28,"[51, 72, 58]",45
1,1679,42,100,97,"[20, 12, 21]",5
1,1680,32,36,61,"[56, 69, 48]",54
1,1681,53,34,100,"[2, 99, 54]",20
1,1682,68,58,19,"[18, 54, 43]",97
1,1683,79,55,68,"[16, 63, 22]",7
1,1684,7,66,47,"[3, 8, 71]",81
1,1685,50,61,81,"[35, 53, 5]",14
1,1686,69,96,45,"[15, 24, 52]",56
1,1687,53,50,83,"[24, 26, 100]",22
1,1688,63,26,90,"[42, 34, 21]",26
1,1689,47,46,72,"[100, 25, 58]",11
1,1690,99,48,18,"[49, 61, 35]",91
1,1691,84,54,71,"[37, 80, 91]",60
1,1692,61,99,97,"[8, 56, 33]",31
1,1693,70,64,93,"[97, 38, 75]",95
1,1694,17,83,61,"[70, 76, 89]",92
1,1695,52,48,27,"[22, 47, 37]",19
1,1696,62,81,64,"[54, 68, 44]",47
1,1697,48,93,60,"[24, 9, 76]",55
1,1698,46,89,82,"[22, 67, 66]",75
1,1699,29,9,95,"[91, 53, 29]",65
1,1700,95,0,47,"[48, 59, 25]",18
1,1701,55,94,53,"[6, 82, 18]",15
1,1702,71,23,89,"[56, 91, 9]",52
1,1703,64,84,34,"[1, 76, 84]",95
1,1704,96,100,83,"[42, 23, 24]",78
1,1705,73,10,46,"[47, 86, 77]",36
1,1706,7,9,32,"[90, 77, 69]",48
1,1707,43,27,35,"[36, 62, 36]",83
1,1708,76,3,70,"[1, 77, 34]",9
1,1709,62,83,82,"[38, 65, 85]",66
1,1710,0,39,54,"[87, 84, 61]",53
1,1711,8,44,54,"[18, 9, 10]",49
1,1712,82,19,97,"[53, 81, 6]",87
1,1713,74,91,48,"[37, 45, 27]",66
1,1714,33,50,56,"[94, 71, 16]",81
1,1715,51,38,79,"[29, 37, 93]",76
1,1716,51,14,19,"[95, 70, 36]",86
1,1717,79,38,99,"[46, 22, 90]",54
1,1718,100,60,86,"[8, 98, 18]",14
1,1719,57,71,46,"[29, 9, 89]",95
1,1720,81,7,97,"[57, 75, 65]",56
1,1721,60,97,4,"[42, 97, 78]",80
1,1722,72,72,11,"[95, 1, 46]",42
1,1723,42,40,6,"[71, 11, 8]",11
1,1724,85,17,94,"[65, 36, 53]",85
1,1725,44,94,71,"[60, 74, 14]",70
1,1726,51,93,25,"[81, 7, 3]",21
1,1727,17,100,32,"[2, 11, 51]",16
1,1728,53,78,20,"[26, 30, 3]",51
1,1729,73,79,8,"[87, 31, 74]",95
1,1730,79,33,26,"[9, 58, 22]",73
1,1731,90,87,86,"[46, 20, 18]",44
1,1732,42,28,23,"[70, 31, 82]",55
1,1733,13,82,31,"[30, 47, 44]",20
1,1734,63,32,73,"[9, 95, 14]",34
1,1735,8,15,54,"[37, 74, 11]",65
1,1736,97,63,42,"[4, 16, 27]",11
1,1737,43,30,42,"[46, 68, 24]",98
1,1738,24,53,50,"[53, 38, 43]",73
1,1739,53,4,36,"[86, 93, 23]",53
1,1740,53,95,45,"[45, 17, 13]",52
1,1741,58,16,8,"[93, 4, 45]",44
1,1742,37,100,99,"[32, 67, 4]",55
1,1743,14,66,56,"[10, 43, 1]",88
1,1744,64,15,32,"[75, 65, 48]",7
1,1745,12,84,45,"[40, 38, 54]",8
1,1746,28,17,51,"[79, 60, 57]",80
1,1747,2,94,77,"[92, 71, 79]",29
1,1748,48,65,2,"[21, 99, 76]",12
1,1749,78,32,99,"[86, 90, 86]",22
1,1750,40,67,77,"[11, 13, 74]",43
1,1751,88,2,12,"[38, 23, 67]",38
1,1752,43,43,88,"[11, 5, 37]",61
1,1753,29,29,30,"[67, 36, 79]",2
1,1754,0,13,64,"[53, 71, 58]",29
1,1755,79,43,76,"[34, 15, 80]",29
1,1756,16,95,53,"[8, 52, 43]",62
1,1757,44,63,1,"[37, 67, 29]",68
1,1758,94,63,83,"[6, 27, 55]",68
1,1759,44,26,71,"[31, 79, 32]",82
1,1760,29,18,90,"[50, 82, 82]",43
1,1761,18,60,73,"[16, 56, 84]",48
1,1762,92,40,84,"[8, 100, 18]",97
1,1763,1,21,95,"[76, 22, 15]",68
1,1764,80,23,39,"[78, 51, 45]",68
1,1765,20,89,18,"[54, 14, 39]",67
1,1766,7,90,70,"[49, 55, 95]",38
1,1767,4,19,19,"[29, 76, 82]",11
1,1768,49,29,100,"[45, 44, 12]",16
1,1769,92,11,11,"[91, 72, 66]",40
1,1770,21,62,54,"[51, 65, 82]",97
1,1771,71,38,51,"[92, 35, 35]",24
1,1772,38,56,2,"[78, 98, 7]",13
1,1773,93,73,78,"[0, 89, 43]",80
1,1774,45,11,74,"[81, 28, 7]",2
1,1775,75,87,16,"[22, 2, 25]",38
1,1776,91,69,30,"[47, 2, 39]",87
1,1777,59,97,51,"[66, 85, 20]",76
1,1778,11,8,65,"[80, 8, 79]",96
1,1779,80,29,17,"[23, 89, 51]",33
1,1780,65,82,34,"[22, 87, 64]",76
1,1781,18,42,53,"[11, 33, 60]",75
1,1782,96,24,4,"[71, 97, 23]",63
1,1783,92,16,83,"[60, 60, 30]",16
1,1784,32,57,36,"[79, 75, 100]",87
1,1785,61,86,27,"[5, 23, 87]",92
1,1786,8,37,20,"[76, 54, 79]",86
1,1787,96,36,91,"[81, 48, 55]",7
1,1788,65,53,98,"[97, 62, 68]",46
1,1789,63,90,25,"[24, 8, 35]",40
1,1790,73,30,27,"[65, 0, 93]",35
1,1791,89,21,29,"[81, 16, 2]",94
1,1792,13,26,26,"[43, 44, 68]",56
1,1793,39,30,88,"[93, 6, 61]",66
1,1794,7,69,100,"[88, 21, 72]",5
1,1795,100,30,39,"[47, 73, 79]",57
1,1796,4,19,52,"[94, 53, 29]",90
1,1797,24,94,59,"[5, 31, 67]",55
1,1798,14,64,83,"[69, 26, 88]",97
1,1799,17,71,48,"[89, 65, 55]",3
1,1800,39,6,93,"[48, 97, 25]",35
1,1801,95,90,89,"[15, 9, 21]",15
1,1802,90,27,27,"[75, 20, 74]",43
1,1803,15,2,71,"[73, 59, 28]",65
1,1804,52,43,0,"[36, 81, 23]",67
1,1805,78,46,46,"[5, 47, 58]",30
1,1806,16,61,8,"[91, 88, 47]",41
1,1807,44,97,62,"[73, 98, 31]",61
1,1808,82,98,75,"[0, 92, 92]",80
1,1809,35,83,73,"[31, 85, 29]",71
1,1810,76,82,78,"[84, 4, 63]",9
1,1811,54,57,45,"[43, 4, 90]",87
1,1812,21,98,29,"[22, 18, 67]",21
1,1813,47,75,57,"[5, 66, 58]",76
1,1814,65,94,18,"[90, 77, 59]",97
1,1815,23,40,50,"[36, 49, 30]",80
1,1816,72,68,31,"[67, 28, 54]",63
1,1817,28,23,27,"[35, 78, 30]",83
1,1818,19,96,70,"[2, 53, 40]",85
1,1819,82,64,8,"[40, 67, 69]",40
1,1820,71,9,84,"[70, 79, 91]",20
1,1821,66,68,100,"[19, 13, 92]",9
1,1822,26,47,62,"[73, 75, 5]",48
1,1823,85,39,43,"[33, 35, 47]",20
1,1824,9,16,77,"[12, 43, 52]",8
1,1825,4,69,14,"[21, 99, 94]",38
1,1826,42,49,84,"[58, 80, 40]",3
1,1827,27,46,82,"[86, 50, 67]",49
1,1828,57,100,89,"[99, 2, 61]",56
1,1829,81,81,25,"[49, 37, 33]",95
1,1830,4,47,76,"[92, 42, 88]",55
1,1831,56,69,7,"[24, 59, 99]",22
1,1832,71,82,44,"[95, 14, 4]",36
1,1833,27,24,77,"[22, 40, 52]",17
1,1834,34,46,70,"[6, 20, 93]",58
1,1835,52,1,22,"[3, 18, 68]",93
1,1836,2,25,89,"[94, 20, 6]",100
1,1837,69,27,99,"[86, 13, 35]",69
1,1838,45,24,87,"[44, 33, 17]",21
1,1839,51,88,64,"[12, 95, 59]",6
1,1840,72,49,89,"[72, 52, 87]",75
1,1841,20,80,6,"[91, 14, 39]",20
1,1842,71,4,80,"[47, 49, 65]",0
1,1843,46,69,13,"[12, 36, 85]",54
1,1844,24,62,42,"[92, 86, 55]",46
1,1845,10,50,26,"[76, 0, 20]",59
1,1846,67,43,26,"[10, 48, 56]",53
1,1847,61,50,61,"[78, 7, 94]",74
1,1848,55,73,65,"[86, 77, 20]",34
1,1849,13,60,10,"[35, 75, 15]",80
1,1850,38,33,41,"[42, 53, 43]",24
1,1851,28,61,21,"[80, 41, 7]",24
1,1852,77,30,44,"[71, 21, 14]",46
1,1853,80,55,23,"[84, 18, 9]",99
1,1854,41,28,89,"[77, 69, 80]",1
1,1855,92,67,71,"[28, 45, 38]",84
1,1856,19,89,0,"[4, 9, 84]",99
1,1857,42,79,22,"[84, 9, 30]",46
1,1858,93,3,29,"[62, 36, 65]",52
1,1859,29,33,28,"[92, 89, 62]",98
1,1860,86,3,60,"[4, 38, 0]",44
1,1861,77,43,56,"[64, 75, 48]",32
1,1862,46,78,87,"[74, 40, 29]",17
1,1863,89,89,46,"[10, 18, 52]",26
1,1864,5,70,48,"[31, 97, 68]",47
1,1865,98,25,10,"[24, 39, 10]",85
1,1866,67,8,95,"[55, 79, 94]",13
1,1867,19,75,51,"[61, 67, 70]",62
1,1868,48,81,3,"[91, 72, 78]",31
1,1869,81,99,60,"[12, 32, 20]",30
1,1870,18,73,73,"[95, 74, 4]",1
1,1871,84,41,5,"[7, 1, 67]",19
1,1872,93,2,12,"[34, 51, 37]",80
1,1873,32,94,57,"[41, 75, 48]",12
1,1874,50,83,72,"[41, 39, 57]",5
1,1875,16,48,23,"[4, 13, 85]",28
1,1876,67,26,61,"[66, 15, 82]",73
1,1877,1,29,14,"[61, 39, 33]",74
1,1878,60,9,2,"[49, 52, 28]",85
1,1879,16,65,70,"[12, 12, 47]",25
1,1880,68,94,37,"[98, 24, 34]",78
1,1881,23,86,36,"[27, 83, 47]",27
1,1882,21,15,2,"[48, 38, 97]",80
1,1883,17,0,88,"[36, 16, 18]",31
1,1884,17,39,2,"[31, 28, 50]",44
1,1885,68,0,32,"[33, 20, 9]",13
1,1886,100,46,60,"[50, 37, 4]",70
1,1887,39,48,70,"[83, 79, 42]",71
1,1888,81,69,87,"[50, 9, 53]",11
1,1889,68,16,60,"[24, 34, 44]",96
1,1890,34,10,80,"[76, 88, 0]",46
1,1891,3,21,41,"[86, 82, 38]",98
1,1892,48,46,72,"[100, 91, 46]",29
1,1893,56,20,19,"[85, 99, 86]",54
1,1894,17,29,58,"[13, 65, 11]",74
1,1895,52,60,41,"[99, 41, 17]",0
1,1896,0,91,64,"[61, 5, 64]",96
1,1897,76,29,6,"[52, 0, 14]",78
1,1898,82,89,24,"[70, 70, 100]",48
1,1899,86,47,3,"[79, 53, 42]",63
1,1900,69,46,26,"[58, 74, 3]",35
1,1901,81,52,63,"[17, 24, 61]",2
1,1902,29,99,44,"[31, 89, 16]",28
1,1903,61,50,21,"[91, 89, 9]",45
1,1904,95,63,7,"[2, 37, 21]",32
1,1905,27,71,94,"[62, 29, 39]",12
1,1906,36,40,39,"[78, 18, 90]",6
1,1907,91,70,96,"[65, 0, 69]",98
1,1908,64,78,43,"[9, 0, 50]",34
1,1909,41,56,79,"[99, 33, 6]",17
1,1910,87,68,14,"[1, 32, 4]",82
1,1911,25,48,32,"[66, 56, 32]",1
1,1912,91,49,97,"[16, 59, 3]",1
1,1913,56,69,51,"[88, 30, 98]",34
1,1914,48,55,10,"[84, 46, 100]",8
1,1915,99,9,10,"[0, 9, 65]",15
1,1916,75,76,92,"[56, 12, 59]",24
1,1917,2,75,49,"[87, 33, 86]",24
1,1918,93,50,19,"[78, 71, 62]",55
1,1919,61,55,47,"[63, 55, 24]",93
1,1920,22,21,85,"[87, 31, 85]",25
1,1921,1,97,81,"[35, 25, 47]",86
1,1922,81,78,42,"[91, 42, 21]",70
1,1923,10,96,8,"[72, 47, 71]",93
1,1924,18,22,34,"[25, 41, 69]",0
1,1925,15,97,62,"[23, 35, 55]",44
1,1926,29,70,7,"[66, 51, 56]",51
1,1927,97,92,14,"[78, 90, 6]",73
1,1928,11,2,4,"[46, 3, 25]",61
1,1929,37,86,33,"[76, 99, 50]",29
1,1930,44,87,83,"[100, 37, 68]",39
1,1931,69,86,22,"[58, 21, 58]",17
1,1932,64,37,69,"[94, 55, 8]",69
1,1933,96,58,12,"[38, 9, 29]",41
1,1934,2,84,33,"[5, 4, 5]",94
1,1935,44,90,48,"[60, 99, 14]",15
1,1936,46,85,66,"[10, 17, 93]",11
1,1937,3,43,77,"[77, 81, 43]",84
1,1938,89,5,39,"[43, 24, 32]",46
1,1939,43,56,64,"[73, 78, 65]",11
1,1940,95,35,25,"[0, 69, 1]",86
1,1941,4,66,12,"[81, 100, 6]",22
1,1942,20,65,62,"[38, 38, 55]",89
1,1943,80,64,57,"[41, 97, 2]",66
1,1944,1,92,79,"[28, 35, 85]",9
1,1945,71,25,46,"[55, 88, 50]",91
1,1946,11,24,63,"[27, 97, 51]",43
1,1947,71,55,34,"[58, 7, 23]",37
1,1948,62,47,43,"[58, 55, 71]",90
1,1949,89,2,52,"[67, 48, 52]",89
1,1950,36,52,31,"[46, 13, 20]",69
1,1951,9,23,85,"[64, 28, 23]",15
1,1952,89,77,24,"[19, 86, 73]",35
1,1953,68,34,59,"[33, 66, 65]",56
1,1954,89,57,21,"[0, 75, 90]",32
1,1955,28,89,86,"[98, 66, 23]",36
1,1956,23,37,21,"[60, 64, 96]",88
1,1957,56,78,5,"[29, 99, 70]",26
1,1958,49,27,61,"[84, 41, 82]",39
1,1959,90,96,46,"[49, 86, 12]",21
1,1960,90,42,53,"[32, 73, 11]",27
1,1961,67,62,18,"[19, 23, 41]",71
1,1962,81,44,29,"[13, 54, 41]",57
1,1963,65,40,47,"[36, 79, 56]",53
1,1964,97,32,12,"[92, 71, 10]",61
1,1965,61,7,45,"[31, 29, 10]",86
1,1966,16,98,83,"[9, 8, 15]",13
1,1967,76,84,80,"[4, 6, 80]",70
1,1968,17,79,78,"[92, 24, 50]",44
1,1969,99,86,55,"[63, 65, 79]",47
1,1970,24,68,85,"[51, 24, 57]",41
1,1971,94,18,38,"[79, 18, 65]",63
1,1972,63,40,68,"[86, 56, 20]",29
1,1973,17,35,32,"[38, 48, 68]",50
1,1974,57,72,73,"[29, 23, 21]",50
1,1975,96,0,48,"[25, 23, 29]",54
1,1976,97,89,43,"[64, 78, 85]",72
1,1977,95,35,99,"[7, 35, 76]",6
1,1978,23,16,84,"[39, 21, 68]",26
1,1979,31,34,64,"[61, 73, 51]",60
1,1980,10,80,79,"[62, 54, 61]",74
1,1981,62,31,91,"[87, 89, 60]",74
1,1982,71,56,31,"[69, 25, 24]",16
1,1983,14,30,50,"[72, 51, 57]",29
1,1984,3,23,8,"[83, 20, 70]",13
1,1985,11,39,35,"[57, 18, 80]",28
1,1986,80,81,50,"[51, 48, 85]",4
1,1987,79,90,77,"[51, 13, 29]",1
1,1988,38,19,81,"[41, 18, 47]",25
1,1989,30,59,65,"[46, 94, 68]",44
1,1990,87,47,12,"[100, 68, 73]",97
1,1991,76,5,43,"[22, 14, 88]",17
1,1992,56,34,46,"[93, 100, 58]",13
1,1993,61,100,51,"[71, 89, 22]",56
1,1994,89,12,78,"[55, 36, 97]",71
1,1995,49,96,91,"[40, 0, 20]",36
1,1996,80,71,31,"[18, 62, 54]",53
1,1997,70,93,27,"[43, 59, 15]",39
1,1998,9,93,45,"[96, 8, 55]",34
1,1999,42,85,69,"[40, 1, 27]",73
1,2000,15,70,93,"[97, 29, 5]",6
1,2001,7,50,98,"[62, 99, 34]",38
1,2002,33,32,31,"[3, 32, 47]",18
1,2003,25,32,66,"[16, 80, 20]",89
1,2004,83,31,43,"[88, 9, 94]",24
1,2005,5,87,65,"[6, 98, 80]",42
1,2006,20,43,45,"[97, 80, 13]",69
1,2007,28,39,37,"[77, 85, 23]",14
1,2008,72,11,60,"[80, 76, 61]",26
1,2009,63,37,52,"[93, 54, 82]",35
1,2010,51,94,77,"[90, 67, 100]",97
1,2011,22,65,67,"[99, 60, 82]",9
1,2012,66,30,13,"[77, 16, 27]",99
1,2013,2,48,21,"[56, 30, 44]",68
1,2014,9,40,48,"[87, 96, 95]",52
1,2015,63,15,25,"[34, 22, 74]",57
1,2016,79,2,80,"[39, 51, 2]",9
1,2017,35,65,33,"[70, 95, 63]",44
1,2018,41,87,34,"[45, 41, 48]",53
1,2019,78,82,59,"[1, 69, 48]",80
1,2020,7,57,5,"[35, 15, 39]",87
1,2021,20,64,34,"[74, 78, 10]",45
1,2022,93,5,90,"[1, 36, 80]",87
1,2023,37,25,23,"[60, 20, 52]",80
1,2024,65,14,15,"[51, 32, 91]",61
1,2025,16,79,46,"[26, 18, 7]",41
1,2026,19,35,55,"[56, 21, 13]",91
1,2027,86,61,49,"[83, 44, 75]",6
1,2028,62,69,44,"[64, 22, 44]",37
1,2029,72,71,54,"[53, 81, 15]",81
1,2030,52,72,16,"[61, 0, 94]",35
1,2031,50,4,51,"[58, 67, 59]",19
1,2032,76,74,13,"[41, 86, 30]",76
1,2033,28,77,10,"[44, 55, 2]",46
1,2034,32,18,66,"[94, 33, 58]",24
1,2035,59,5,25,"[52, 80, 37]",65
1,2036,47,27,91,"[95, 73, 45]",85
1,2037,7,40,30,"[39, 38, 77]",97
1,2038,25,39,57,"[59, 7, 12]",81
1,2039,74,63,70,"[52, 1, 29]",11
1,2040,82,24,51,"[53, 60, 94]",74
1,2041,42,26,29,"[55, 75, 60]",100
1,2042,60,64,51,"[8, 80, 55]",54
1,2043,83,84,63,"[6, 54, 22]",14
1,2044,21,47,12,"[90, 22, 36]",96
1,2045,94,36,85,"[100, 53, 21]",50
1,2046,16,76,89,"[92, 82, 84]",66
1,2047,19,6,71,"[95, 73, 17]",52
1,2048,66,65,76,"[84, 25, 7]",64
1,2049,12,76,40,"[38, 100, 98]",67
1,2050,28,74,27,"[37, 51, 20]",89
1,2051,79,52,92,"[22, 24, 72]",60
1,2052,96,17,84,"[53, 100, 25]",96
1,2053,40,1,33,"[18, 28, 65]",93
1,2054,47,78,52,"[11, 5, 32]",62
1,2055,55,64,55,"[6, 40, 9]",96
1,2056,68,89,27,"[84, 14, 85]",43
1,2057,84,46,55,"[5, 86, 5]",74
1,2058,26,62,96,"[73, 94, 46]",34
1,2059,82,92,95,"[23, 56, 17]",10
1,2060,19,21,57,"[27, 17, 33]",5
1,2061,81,75,42,"[84, 47, 73]",58
1,2062,56,51,5,"[7, 19, 94]",31
1,2063,57,23,25,"[19, 23, 29]",24
1,2064,22,24,84,"[67, 75, 51]",31
